-- phpMyAdmin SQL Dump
-- version 4.9.5
-- https://www.phpmyadmin.net/
--
-- Anamakine: localhost:3306
-- Üretim Zamanı: 06 Eyl 2020, 20:20:41
-- Sunucu sürümü: 10.2.32-MariaDB
-- PHP Sürümü: 7.3.6

SET SQL_MODE = "NO_AUTO_VALUE_ON_ZERO";
SET AUTOCOMMIT = 0;
START TRANSACTION;
SET time_zone = "+00:00";


/*!40101 SET @OLD_CHARACTER_SET_CLIENT=@@CHARACTER_SET_CLIENT */;
/*!40101 SET @OLD_CHARACTER_SET_RESULTS=@@CHARACTER_SET_RESULTS */;
/*!40101 SET @OLD_COLLATION_CONNECTION=@@COLLATION_CONNECTION */;
/*!40101 SET NAMES utf8mb4 */;

--
-- Veritabanı: `polydesi_publnews`
--

-- --------------------------------------------------------

--
-- Tablo için tablo yapısı `app_settings`
--

CREATE TABLE `app_settings` (
  `id` int(11) NOT NULL,
  `email` varchar(250) COLLATE utf8mb4_unicode_ci DEFAULT NULL,
  `website` varchar(250) COLLATE utf8mb4_unicode_ci DEFAULT NULL,
  `app_version` varchar(250) COLLATE utf8mb4_unicode_ci DEFAULT NULL,
  `about_us` longtext COLLATE utf8mb4_unicode_ci DEFAULT NULL,
  `privacy_policy` longtext COLLATE utf8mb4_unicode_ci DEFAULT NULL,
  `user_terms` longtext COLLATE utf8mb4_unicode_ci DEFAULT NULL,
  `facebook_url` varchar(250) COLLATE utf8mb4_unicode_ci DEFAULT NULL,
  `twitter_url` varchar(250) COLLATE utf8mb4_unicode_ci DEFAULT NULL,
  `youtube_url` varchar(250) COLLATE utf8mb4_unicode_ci DEFAULT NULL,
  `instagram_url` varchar(250) COLLATE utf8mb4_unicode_ci DEFAULT NULL,
  `created_at` timestamp NULL DEFAULT NULL,
  `updated_at` timestamp NULL DEFAULT NULL
) ENGINE=InnoDB DEFAULT CHARSET=utf8mb4 COLLATE=utf8mb4_unicode_ci;

--
-- Tablo döküm verisi `app_settings`
--

INSERT INTO `app_settings` (`id`, `email`, `website`, `app_version`, `about_us`, `privacy_policy`, `user_terms`, `facebook_url`, `twitter_url`, `youtube_url`, `instagram_url`, `created_at`, `updated_at`) VALUES
(1, 'publsoftware@gmail.com', 'http://pulsoft.com', '1.0.0', '<h1>About US</h1><p>Lorem ipsum dolor sit amet, consectetur adipiscing elit, sed do eiusmod tempor incididunt ut labore et dolore magna aliqua. Ut enim ad minim veniam, quis nostrud exercitation ullamco laboris nisi ut aliquip ex ea commodo consequat. Duis aute irure dolor in reprehenderit in voluptate velit esse cillum dolore eu fugiat nulla pariatur. Excepteur sint occaecat cupidatat non proident, sunt in culpa qui officia deserunt mollit anim id est laborum.</p>', '<h1>Privacy Policy</h1><p>Lorem ipsum dolor sit amet, consectetur adipiscing elit, sed do eiusmod tempor incididunt ut labore et dolore magna aliqua. Ut enim ad minim veniam, quis nostrud exercitation ullamco laboris nisi ut aliquip ex ea commodo consequat. Duis aute irure dolor in reprehenderit in voluptate velit esse cillum dolore eu fugiat nulla pariatur. Excepteur sint occaecat cupidatat non proident, sunt in culpa qui officia deserunt mollit anim id est laborum.</p>', '<h1>User Terms</h1><p>Lorem ipsum dolor sit amet, consectetur adipiscing elit, sed do eiusmod tempor incididunt ut labore et dolore magna aliqua. Ut enim ad minim veniam, quis nostrud exercitation ullamco laboris nisi ut aliquip ex ea commodo consequat. Duis aute irure dolor in reprehenderit in voluptate velit esse cillum dolore eu fugiat nulla pariatur. Excepteur sint occaecat cupidatat non proident, sunt in culpa qui officia deserunt mollit anim id est laborum.</p>', 'https://www.facebook.com/', 'https://www.twitter.com/', 'https://www.youtube.com/', 'https://www.instagram.com/', '2020-08-05 16:25:29', '2020-08-23 05:32:34');

-- --------------------------------------------------------

--
-- Tablo için tablo yapısı `migrations`
--

CREATE TABLE `migrations` (
  `id` int(10) UNSIGNED NOT NULL,
  `migration` varchar(191) COLLATE utf8mb4_unicode_ci NOT NULL,
  `batch` int(11) NOT NULL
) ENGINE=InnoDB DEFAULT CHARSET=utf8mb4 COLLATE=utf8mb4_unicode_ci;

--
-- Tablo döküm verisi `migrations`
--

INSERT INTO `migrations` (`id`, `migration`, `batch`) VALUES
(1, '2014_10_12_000000_create_users_table', 1),
(2, '2014_10_12_100000_create_password_resets_table', 1),
(3, '2016_06_01_000001_create_oauth_auth_codes_table', 1),
(4, '2016_06_01_000002_create_oauth_access_tokens_table', 1),
(5, '2016_06_01_000003_create_oauth_refresh_tokens_table', 1),
(6, '2016_06_01_000004_create_oauth_clients_table', 1),
(7, '2016_06_01_000005_create_oauth_personal_access_clients_table', 1),
(8, '2020_05_05_220014_create_news_categories_table', 1),
(9, '2020_05_06_104733_create_news_table', 1),
(10, '2020_05_07_104733_create_news_comments_table', 1),
(11, '2020_05_09_160116_create_app_settings_table', 1),
(12, '2020_05_11_150517_create_news_favorites_table', 1),
(14, '2020_08_15_200707_create_stories_table', 2);

-- --------------------------------------------------------

--
-- Tablo için tablo yapısı `news`
--

CREATE TABLE `news` (
  `id` bigint(20) UNSIGNED NOT NULL,
  `user_id` bigint(20) UNSIGNED NOT NULL,
  `category_id` bigint(20) UNSIGNED NOT NULL,
  `title` varchar(191) COLLATE utf8mb4_unicode_ci NOT NULL,
  `content` longtext COLLATE utf8mb4_unicode_ci NOT NULL,
  `image_name` varchar(191) COLLATE utf8mb4_unicode_ci NOT NULL,
  `approved` tinyint(1) NOT NULL DEFAULT 0,
  `featured` tinyint(1) NOT NULL DEFAULT 0,
  `visible` tinyint(1) NOT NULL DEFAULT 1,
  `created_at` timestamp NULL DEFAULT NULL,
  `updated_at` timestamp NULL DEFAULT NULL
) ENGINE=InnoDB DEFAULT CHARSET=utf8mb4 COLLATE=utf8mb4_unicode_ci;

--
-- Tablo döküm verisi `news`
--

INSERT INTO `news` (`id`, `user_id`, `category_id`, `title`, `content`, `image_name`, `approved`, `featured`, `visible`, `created_at`, `updated_at`) VALUES
(4, 1, 2, 'Lorem ipsum dolor sit amet, consectetur adipiscing elit Lorem ipsum dolor sit amet', '<p>Lorem ipsum dolor sit amet, consectetur adipiscing elit, sed do eiusmod tempor incididunt ut labore et dolore magna aliqua. </p><p><span style=\"font-family: -apple-system, BlinkMacSystemFont, &quot;Segoe UI&quot;, Roboto, &quot;Helvetica Neue&quot;, Arial, &quot;Noto Sans&quot;, sans-serif, &quot;Apple Color Emoji&quot;, &quot;Segoe UI Emoji&quot;, &quot;Segoe UI Symbol&quot;, &quot;Noto Color Emoji&quot;; font-size: 1rem;\">Ut enim ad minim veniam, quis nostrud exercitation ullamco laboris nisi ut aliquip ex ea commodo consequat. Duis aute irure dolor in reprehenderit in voluptate velit esse cillum dolore eu fugiat nulla pariatur.</span><br></p>', '8762850b-5fd5-46b8-824d-c225ac121a9b.jpg', 1, 0, 1, '2020-08-21 13:02:49', '2020-08-21 13:03:06'),
(5, 1, 3, 'Lorem ipsum dolor sit amet, consectetur adipiscing elit Lorem ipsum dolor sit amet', '<p>Lorem ipsum dolor sit amet, consectetur adipiscing elit, sed do eiusmod tempor incididunt ut labore et dolore magna aliqua. Ut enim ad minim veniam, quis nostrud exercitation ullamco laboris nisi ut aliquip ex ea commodo consequat. Duis aute irure dolor in reprehenderit in voluptate velit esse cillum dolore eu fugiat nulla pariatur.<br></p>', 'e43f0c26-a3b8-41b8-bd11-d50458e58f36.jpg', 1, 0, 1, '2020-08-21 13:04:36', '2020-08-21 13:04:38'),
(6, 1, 5, 'Lorem ipsum dolor sit amet, consectetur adipiscing elit Lorem ipsum dolor sit amet', '<p>Lorem ipsum dolor sit amet, consectetur adipiscing elit, sed do eiusmod tempor incididunt ut labore et dolore magna aliqua. Ut enim ad minim veniam, quis nostrud exercitation ullamco laboris nisi ut aliquip ex ea commodo consequat. Duis aute irure dolor in reprehenderit in voluptate velit esse cillum dolore eu fugiat nulla pariatur.</p><p>Tempor incididunt ut labore et dolore magna aliqua. Ut enim ad minim veniam, quis nostrud exercitation ullamco laboris nisi ut aliquip ex ea commodo consequat. Duis aute irure dolor in reprehenderit in voluptate velit esse cillum dolore eu fugiat nulla pariatur.<br></p>', '52a9f17c-10f7-4635-9326-805294126f44.jpg', 1, 0, 1, '2020-08-21 13:05:57', '2020-08-21 13:06:06'),
(7, 1, 2, 'Lorem ipsum dolor sit amet, consectetur adipiscing elit', '<p>Lorem ipsum dolor sit amet, consectetur adipiscing elit, sed do eiusmod tempor incididunt ut labore et dolore magna aliqua. Ut enim ad minim veniam, quis nostrud exercitation ullamco laboris nisi ut aliquip ex ea commodo consequat. Duis aute irure dolor in reprehenderit in voluptate velit esse cillum dolore eu fugiat nulla pariatur.<br></p>', '977524fa-d6ba-410a-9a76-6468ece653ef.jpg', 1, 1, 1, '2020-08-21 13:08:08', '2020-08-21 13:08:16'),
(8, 1, 6, 'Lorem ipsum dolor sit amet, consectetur adipiscing elit', '<p>Sed ut perspiciatis unde omnis iste natus error sit voluptatem accusantium doloremque laudantium, totam rem aperiam, eaque ipsa quae ab illo inventore veritatis et quasi architecto beatae vitae dicta sunt explicabo. Nemo enim ipsam voluptatem quia voluptas sit aspernatur aut odit aut fugit, sed quia consequuntur magni dolores eos qui ratione voluptatem sequi nesciunt. Neque porro quisquam est, qui dolorem ipsum quia dolor sit amet, consectetur, adipisci velit, sed quia non numquam eius modi tempora incidunt ut labore et dolore magnam aliquam quaerat voluptatem. Ut enim ad minima veniam, quis nostrum exercitationem ullam corporis suscipit laboriosam, nisi ut aliquid ex ea commodi consequatur? Quis autem vel eum iure reprehenderit qui in ea voluptate velit esse quam nihil molestiae consequatur, vel illum qui dolorem eum fugiat quo voluptas nulla pariatur?<br></p>', 'bf6ea371-1d3f-4cd5-989f-b8922664522f.jpg', 1, 0, 1, '2020-08-21 13:09:42', '2020-08-21 13:09:46'),
(9, 1, 4, 'Sed ut perspiciatis unde omnis iste natus error sit voluptatem accusantium doloremque laudantium', '<p>Nemo enim ipsam voluptatem quia voluptas sit aspernatur aut odit aut fugit, sed quia consequuntur magni dolores eos qui ratione voluptatem sequi nesciunt. Neque porro quisquam est, qui dolorem ipsum quia dolor sit amet, consectetur, adipisci velit, sed quia non numquam eius modi tempora incidunt ut labore et dolore magnam aliquam quaerat voluptatem. Ut enim ad minima veniam, quis nostrum exercitationem ullam corporis suscipit laboriosam, nisi ut aliquid ex ea commodi consequatur? Quis autem vel eum iure reprehenderit qui in ea voluptate velit esse quam nihil molestiae consequatur, vel illum qui dolorem eum fugiat quo voluptas nulla pariatur<br></p>', '9ac42330-347c-4008-8189-4c8b5f5f8df2.jpg', 1, 1, 1, '2020-08-21 13:11:20', '2020-08-22 17:38:14'),
(10, 1, 2, 'Lorem ipsum dolor sit amet, consectetur adipiscing elit Lorem ipsum dolor sit amet', '<p>Lorem ipsum dolor sit amet, consectetur adipiscing elit, sed do eiusmod tempor incididunt ut labore et dolore magna aliqua. Ut enim ad minim veniam, quis nostrud exercitation ullamco laboris nisi ut aliquip ex ea commodo consequat. Duis aute irure dolor in reprehenderit in voluptate velit esse cillum dolore eu fugiat nulla pariatur. </p><p><span style=\"font-family: -apple-system, BlinkMacSystemFont, &quot;Segoe UI&quot;, Roboto, &quot;Helvetica Neue&quot;, Arial, &quot;Noto Sans&quot;, sans-serif, &quot;Apple Color Emoji&quot;, &quot;Segoe UI Emoji&quot;, &quot;Segoe UI Symbol&quot;, &quot;Noto Color Emoji&quot;; font-size: 1rem;\">Excepteur sint occaecat cupidatat non proident, sunt in culpa qui officia deserunt mollit anim id est laborum.</span></p><p><img src=\"data:image/jpeg;base64,/9j/4AAQSkZJRgABAQAAAQABAAD/4QDeRXhpZgAASUkqAAgAAAAGABIBAwABAAAAAQAAABoBBQABAAAAVgAAABsBBQABAAAAXgAAACgBAwABAAAAAgAAABMCAwABAAAAAQAAAGmHBAABAAAAZgAAAAAAAAA4YwAA6AMAADhjAADoAwAABwAAkAcABAAAADAyMTABkQcABAAAAAECAwCGkgcAFgAAAMAAAAAAoAcABAAAADAxMDABoAMAAQAAAP//AAACoAQAAQAAAJABAAADoAQAAQAAAJABAAAAAAAAQVNDSUkAAABQaWNzdW0gSUQ6IDYzM//bAEMACAYGBwYFCAcHBwkJCAoMFA0MCwsMGRITDxQdGh8eHRocHCAkLicgIiwjHBwoNyksMDE0NDQfJzk9ODI8LjM0Mv/bAEMBCQkJDAsMGA0NGDIhHCEyMjIyMjIyMjIyMjIyMjIyMjIyMjIyMjIyMjIyMjIyMjIyMjIyMjIyMjIyMjIyMjIyMv/CABEIAZABkAMBIgACEQEDEQH/xAAbAAACAwEBAQAAAAAAAAAAAAACAwEEBQAGB//EABgBAQEBAQEAAAAAAAAAAAAAAAABAgME/9oADAMBAAIQAxAAAAHBqQGueiKiiyqKpZSqwVhJVp8LbFBZaUi3A6Zwit6mbiq9p5ayh09y6ehXpz6fP5mnYr+fvEFE0M8Rt6+Uz1+XO9N5Dfxq/wCf1p3jVXo12cXnhjVMbZr55W9RxtmVsZcd7rwPptQsX1fn94o1LCPP6GFIxCmjQCfCxshRq6SdjH9B0weN6NvTHk2+iRm1cb0OBLRnj49tYrFbvxzaz1cOwcQxDAdXow3y9Xl+felxfU8+lNlDe3zvSlqQhVHNfMM1MUhDOrOFYz+PRHoPO3mvSZ+RGsshqcbPoMiGJLHOfvNOiwM660hwrcwdXed0KjuvNGviPxWYHpfLtUXpfx6ezoWKfp4eaEw83oiDEF6WH0EVh6fN5H1/jfeY35j0GR6PWII3JTy9/wA1LkJuUOPSSqtxoaVyraW5jX+mK1e2/NXVIWhMTlMRlJJQjkzCycgLv0bGpfkrxj3UWMdLnl9XJsB6LNz6Wlcjvx8pEx5+8RMEWK9iz1eJfx+nKr6LzWpNXfV+T2N8r1qndK/lN2rjXma3oOxvz867tTHqaGbjbvV+WXvPsvNBYkqy5E2Hd0sx3BEDBcGJYWaSLVSzXWa4GtQFsvZl6lYNynYPVZwq1jGiex0GJ4iY40qDBuVMV0vuNrw/t+3B0ks7EueYy9Afnqkt9mM+3LRrZnLqDot6g+k832scPHna56VgLEQibCgI6B6mgBMMIaDKYPGVVWqiw5NpLVO5UK/d0o90HTBQRl1lXomXU9V4a9vl7WlmlrNQaauPSzu+V0+mdicd/TNvy+ti8umnboe07c/BV/c9i+NkTx1AwaRxLjVz9OnqURKM2zXegixWu0tijzYMRFpaqo0s23qaed1e5XExjcRMLxh0j4CEUYOV1ioUzoKTXqwys+w7NPs24FJ1kZ2nmTW1cxHdOdvV8wapMWTaXBIxfcmivXxtSiBhjRgQ0TUlDwagI0nSwYtYemwjq91eNUImNIEgjugkIg4Bi7YCbdRJJfEtCR1/HsRZpEQCmpW7YoWEeoVoMjOrBBI0klWrRfXzUrYqmAQpzFtLNYlhcJrCXorrlN8XkFU56VHRuCMwkkDQhlYLkkOQQoMjKlMQNlPDYF5CNPNkOzVhWQBIZAzVDugI4E0aNupmguY1CmCIIWJK5g4iKVAmFQQtLtQ68oDPAwZwkyCwZiSJiQ4jgO7giFhDrNvMy5ixSKr66n0cT08MMZoOiKMgMu0XoBieOkSIIWA8ahyx6OHorn15jQpN7NrXNvXaoafi60ehyM/qHnq1iO7iQcAue4khMvLT0CBLqeiSZCRvDENKZtUJhZLE2R64ScBAcQyc1RkBzIEJCjCRidDOdmuLtfOvS+B9V5iboKarpy7umm8twsh5GrkxXFBEyRxCQANSTMSDPEFEiXjTGOgJt1t5Fqiub1U5ErYqVkdwLVEGBLg0sXYQkK8YMRnovM+k57pHVbz759K5W7cB7u1mbFe5FcdKmB1isnRPVBEuDdXuj831GJzufz9XUwZJmiuvXoz0WKc1brwrQyUdjY7gBYoeJJjmAYqGLGD3WSBgsvQ2SdfH1ZqxR3vO8uy6d+h0wETGucyMli7lSaFRbyeNI1NgRMXOh2p52cvTFjZeFtubb6r+dKJNrGbWz0t0nI3nmKKxkAYEdxeq26UrWdKVoLqIOgMCGuYsydXL382xltnl1HG1qus5vT3TnE9xJR1HwyhOU6V1QlhratN3V87U479E/LbZlUvZ+TpTGzrKFkq2Qt1Dpgq6YIDo4v031ywaXokZ45ZRXQQrzklBenwtrG1vr1OfSvT1anTnQgo3iC6ajuk6Rk4uiC42pXO2vNpkJaga+bCsOsMm32Nc5xmZpZmt2aug9nIbD9Kp9NJmZViiEJ6G2BLlwmZm0YniDFqDfoXM69N5z02dx606zqnTNIWDvn3SNdPccYXYQNivF9a4lJTVWJsIdUoKDhM0anQpYPzdGnbK9TJpz+WJFq7BkxOiZqDAgjXERMdXRxlwPT3Offwg7+PvlX9F5zTRdNZqMzCREjRd3RxCRco36MumgUoQyNkEBKJs3ICr6TyfJNa0e5nMg9G1talKSXjLWFw6yqLg1RY1hWlgWzAsRYWgEP8AU+jXwofQ6mOvgVb2Zc8yztnh1+gGzBHYps0oaNC0CGTXbD619Ep2RdnVEmPucqdGQ06aMXM0xr2OyrzpMhu9V1qmyGLWcFmzrVGvLfp1VazavZEmnQX2oPLsETq1S51OzYvUwuTQy11869dQxr3P0PpW6WudkCHfKFMCWl2jVENW0eatGWlOlmoaT5Y5gRcu4jM72qFa3K9aeZvHq0M9ChNVDRplWcjUWuSnc658+G22zzo76qxNdmDrEOr6NlzHXFES+JIJJ7oi31W0tga8QwQCy6tIjODidnC95zeX0TRLpZyLuNZgegzNaz7DdK5zyPOZ1eyW2WnxYx3rttOzaJWny0weyqQPdFSdPpaIa9GkeS9XT3jyzX0+3Hu6LJ6OJ6JJtVWSi2x0tYL6yqGlNlBb12BJEaFjILBoD2m1o+VPl19cOEzG9tVfQzaidSxceZ7cRZLF0G9M0TnSm0e1k6zm2MhhzSrglFING2Yukc5rfP7GZZ5FH0RPXn4DvSYnTFYxZrJvtUs60GZ6JdJuYiW8l+tWaGpp8evkWelp9OfnZvVN8wmY1C4eJ4ZQmIlXWqPZ16UMGzy6trtrJenmywZXJQEredJsk6Wq5o6yFfRzy2KwLQgrNs8LUGkGFpY820PRwZYp6xmtrNAg4HaxU8bdZpux0vUbWGgGJdeUQaLOju1kenkGe4nu47u49KTrHl9WeFq7FM3HqZmgl+bcCuxXgMWNTzM1dhRQMHVokTnLZ8rdq9+NUmL3jrFfczqirWXnVHVuWs3KHXCaz7FzMlrFbDeMxjm1nlt+aua53r2+fny0KVDIxYcDxJDJ/8QALBAAAgIBAwQCAgIDAQADAAAAAQIAAxEEEiEQEyAxIkEUMgUwIzNCQyQ0RP/aAAgBAQABBQIMAGO5ycoqwqDCiqdyxmzD0zMw89MEw1sOg3TtPD102m3V317Rb+vjp79oXUhpq2DX0WAVW/KVqPya8kX1sy7b1hdxO9ZGLMu1spXkrT8bs50IzqmQAWZy+bLcHor4nJh3QmLycLG6AEwYm7Eoo7s/GNcsO4dvM0/bWHZYNQu1+mjb/FqKyyv68FGWFYCms4t/21MgRxuTQ18JL8w6hhDqhO4hZ7ESfFhXUWgDCagEHSW9m78r8hmrAqUGu7bx9+puxCx65MPPQcD3NnGiqYi/uAObIHIgsEGpXbe+9+iWdtTfYRYfGv8AftFkYugsO63TabKanCVaHioQjdO2uG06tPwlBfTLh6di6XhbjL2zF5bSWV1Ftarlrwbd3A9kxoBGEExBWYeCWzAMw/rpLAte7czqhjVU4fSIyrp0UajG+KNzDR/G1DWHOfGkZtqr+D1rNSANVVntatSz10hKkBjPtlmpxDrDBqt85MvJWIv+DuHDwexWSNuCPcHUGGKuQaype349P1B5lKba60EuxhBuj/Cupt81ihbpUcWJcCurI2nxpOLaLQyXbiLf/tVJiu/I1iszBcwjMeoFWRQhO0/lPlrS0ruOLIZUm5twRbGBIhHEz0xmGUvtmpuDLjrjIldm6d7bGfKVWYZ7jZAoVNS266U/7FwBqsEH34J+2krwmptxP/017e2QG1iLgQCHiathncmHUZPpMYc8Y4oOC2Xna5oqXuOfj0EzDAcTdN3XPEq4CzcTDkHTjmyzbH/aVfuh41R48af9rOVrexi3/ojE06LmzjHc5DYlzjbcAYeIWMJ4XJllZUfVYJOmsqxqkq24IJ6g46nxPRTK8GBFA/7rcKbLMlvcp/as4l4Vq/Gnmyz4oXh9i7FOjocrstlKYjruD6RjG0PB0Zi6XEv0+BVp9i6qzJlVmyM5Z1dmlQ3MYPHGYFz1EboF4yRFsM2rsjj4Hpp/3GMakfHxU4Zri69D60Fi9rImOjHE1Gp2jT2qUsurmo1CR9anZs+R6BcxRtmjoXZdjcPHMDY6gQ+4Dx0BMzgFsg9Kjht5l1mV8lMPQzQ7i9abehbEtsBWzJZHwrEsXpO2nTF1t0zLCuIi5I+MJiamyuP7+v6M+IEEIhz1SZ4byEz0+zNJb2bBrA0S3uTUuwHcaZgwXpoWalVFdA2pqGAFpzNIoItoIjI87bQnJ4wIIIyfMrgHqFn3MTEz0zwfXSoZjKcuMeQE2QjA+4sDkTSajtnU3dwtkEuYCQUusxdvIS1glrhlaaWIFZL6lCUVIyffQDgHE3EuqbkYc9P+eirmfZXiAw9dNjNzgNYcjxWboW6KMwcRZwJ3Y2TFWcblYZvs+IfK2+jNLXurF7Uy3VM8otAq6huP2P8A3TzL69rnoOZ9xGwCecmHoeqnAPMPlnwWGK2IWzPvfEuh5mDHztpPFhzDKrHUHe0YYlR56qsXhm5sp3Kbs9w9M46iEcTPJHhngchhj+jPQTMzM9MRYHxK23C6DMJMMqm7m39a8Qe4BkngiD9qQnbvxv8AFZtJHQmfXQLxXwLl48R4IkKQjHUHqr4jHMHpvUVsTfHfIBg8BKxlmXaGh9eAEDcHqw46KOM4Fz7vIQCN0BM3GE+Gepg5jKcQCYGDPXkk+j7b1ProJnqsc9VMJ4byU4AaH+nPWuMfiZ9bjMz30x4LD+ph8vrpiHqDiD5Bzz4jyPgVxAItcdcRAY+fD6HTdwOg9CD9cw9TB0zDFm4Q9dvHpT4BMhkZSP6vcSucKth5WwBbG3eH1BG9L0+ln/J9nxz1EPs9c8Bfg3uafSW6l/wKKHSvTaeW6nTvHqUL/SPa2x7CfM9FGYRx0+lMJ4xD7PUdMdMwnxUkwrP4/QC86rVJolbVWZN7zcCEsKFl8T4DqfEQ9FjHgdPpRPrcIYfD0M9T76D32xtAwVRnfd2NLdaTqGbc/VTx0Hs+QMz5nokccLD7i+sHEPifD767zKzNGgezV37VFUddrdR/SOpGPEQ9K8S79f8Anopn/Ah9wdccBS0ME+/AcT+P+VzWf/Lmo99R7f8AbzE+wpLNpLNjIyzHlUJa0T9T+xgm74pH/eLD7mYr7YTuM+z1EM0T7RqQa9aLA0tEHUHB7yrPxmSoD5EeGOtRUSzXrXT+QbIqnfp/49rXZdrJWzz8YktSmjRPT+wRhvcEPT7iRvcAz4fZ6jiNNE3y16/56vlWx+I8Bwe4bLe9pVhet59gdMcY66Sutzdp9Ei6ejM1euNL1smUuJYK0vbcyZj/ALYOJmCH0JnogzG9z1CeOg9nwM0Q/wAn8hwNODLeB9eOIMgzPERSY0RRgYjjBSuyyWV6jRKfcruNad9sAZNeNtn+zPw6k9M9KfTfssJz0EYwe299TNFzd/Jc3Kdp1ArZG9/0idzEY5mSBznTaei2LqNNolNo/k9Rq9HSXfTWr0CliUxBYY/7Z48B1r/U+6gMt7mIYIfH+PYd2+xmemkNZqQva1GzP9C8k/Ge5jkmZlVwVbH3HSfyA0dH8edRqNVqtVtJqO7Y6CqlrnQ82ft4jqp+J9oOhg9vBD1zM4bQ1mtNSArrtNHLJj+omAzM9wrgQ9NNrW0tAf8AyIwL96sxXFZA4/6YDHgOoHxizPBgjQQ9cRKlWDUkLrUZTRYyKoxQ+DWf6GG1oBNsSuWAT7gWcQ9BMhq+3/h/6CGH2JiGD9em74wT2IOg8ORFOG0j7brqXtpVcS3Smhr6jXD5qpZ7Ryq7oqhQzzeY3RYx6fQGSadqV43szCrPyDzapUj5f8mfXT6gnqfXkT002w3W/wAhQkqsSzV26p7HvfL+dAIjnNanEyTCDD0MB4PUIRGbeiDBb9MfJgVm8kVYyx/qJ8fwtRsOmvWfXT+I2i3VXC3VN78w2I2YJwFL5hPiuCwoDp9EifauMLzbco2YiIoH3MTHliHwQ7Xt1e6Vam2urVXvqo9RVZpGwszkeeMz3SRP+fGqvuPptNSbbb0qljO7V5WfHe0oHytBgi15DrtIhmZt6ATHTPiKbWALdrMf1p2Ksa6rZoldXtqelwceWxjAkc4Wv9PvZuJRUBEO3biYzF/jb2UVGtV3LAl1lTUsqezjMUFYWRqWThDLeZjjECZhBnE4hE3dFHLLMc6H+INwXSNTK11Ob6BnU/hqVrraafQvcFNemmpbvWjSaOwNogsbTOoCEwoRFOJvO2IPkDyibr7Pg7EbPc7dajYpFXwcPeR2Thqdq73woLMtO3oCYPRDbRS8NTEKsFQLMBXba3cgxnbXg7Nu3PQGZm4ZTVarFupsaB3BH8haosdLZ2tlravuV4ZoRiD/AHQzPxz4K2Jnkna/LnMLQtAZnlbsQajMFu4WZZlVURThjp9OF7NO3I3ZfbusBLWMLtUSp1TmG5mm6bzN0Dw2HpTU1tli6bTT80rBqNRcTRdPxmENdm6wMDA5EFy4Lr21YG7/AMzByQASUyO2dsC4gIAqoW5G0RWY5nE2DGIBllt2wWc/szDBVjc/4OIEqob42v3Za4UmxzKk3RqFzZoys7A2djAavA2GbDCjZZxpaSSTTUbrH1YoQ2MxyYHYeNADOoVbv/MwEBlPJJwf1wOm7E0tdSLc6b9NRZsUsyXaViRWSRyQZVQzpV2qglFtzNowDX2FjWqIxqcJxACGOWHbUJtUKiwrmOBs2b5sTOzI27ZnlmLdFbtab+lrgZ3J3OQ3HEyOm7ELZ6Jp6zTfoErCU0YtSwqNPcESta17PzOmYDTMVr1J5YmZYyrIZq1MqoDFN89gUMR2sw1oAtazYN1y7IFbaA21a8xqipNCtNRSaLoxynnWN6CVpvfZgbSR7GMwqF8NO66cvrmLPbZYFO2LruKzvGWB7e+ISEuotaUacy7Rgp297pUobYwgqfb+s7cQ7HLoSau6d1am52e75KTYNoCg4rDWWorjWVS+1dUj6axP6UJRzV8trKv7BlaJSqDupVWw4/oBKxdbegXWtBqFaV37US7bCWY5XttXR2yiBrQm0naHNjw4Sd5Y7GxR/iAdVllq5Wu01rXdXLX0tlj6SlYaKdy7Qq1Fhq/45GU02KPD3BW0rryWbal1quw2WKpeqp77WK8w08HS2Q0spNQx158eYtjrO45iXuIrtZGsvJd90Ylrls3R2BgxO4IHzFqS5dqmPSqsLN6mlTNqqoZWB7dRZObCXTs3xENCvWlpt/iXy+ntr6D3Xf2q3drbA4yTg9zA3nNW17H0wFFYWsKUsH4/xt0gRbKszGD5Z65ivtK6l895jFbE7uZ+5++wGPaqpm6zC4EZkLMa8LU5nZc1KisENexOCDgulsWrazJ8221q11Xc1uqRklRTL1tWFcLLkAAIhG2VnlrcUJ3Gg35JZ5cHjMwOeP6TB0UhlA5oUuW2q4RJWFWsNuXbByuxQo/XOAGOU2hnFRKm3cO7XQFOcPgYh1aoLtUzHILMu2Yg23DY2VfaN5JRGssp0fbXIgZnWv1qdQO5Y7uQrYypnGeVYdMeH31o0ZENQUYfYNPWAMVWWrtN1Gpd6q3FSVR02gOqrv2xuJhgoB35xCGw3xORN+BqMLTziK0zzglW3PUaxFTdNLgG12ugrVhpqShYlHcq6LRsVltdvxwJehSW1KunHJcFW6Z8lPdhr2Rgi2DZhahv2sZp+5WisA3dOVJMwXDKK1wXfaduZ/kdNg2kI0a8CLc3f2taNvxevY23EUZZK52O3FqwfxbGrFKIyp3Y2SEyVc/Ne1Wi6iuqPqb1tfV98n5HdtevTuzW0BnqpDE+/Xl//8QAJBEAAgIBBAIDAAMAAAAAAAAAAAECERASICExMEEDE0BCUWH/2gAIAQMBAT8B3WaxyIyvF8iy6J9IXC2KRHs+Rckdt4l0JmpEO8cCw8TfCPWKx6IomhQWzmxLEijSRVMYu8vE/Q8pFCJq2Wkt7IrnnDHsfRFE0PvCdGpGvgj0SjqYlS8N4YlsSrDVPCVmkpCY2NN/ilErnEkyiBLs1+NiXirDjyOPGy/BX4Uv0vwX+qiy/wAqEhpvy+h+KHZF+iXfgez1449n8ife+s3hyvb63R7PZLdeOKw15Ynse+tlD8aJUOt1/g+ngcaF3vvY80PwKdDdsoardSoSNJpxRpLxaGxMvOmynhTTPkorwKRdjZRRRRoNBoGq8qRpGnsoqi82SSa4Gq2LsooravlfsXyIaTNBorLeexKjj0NNmgcXls1Ctn1pjgNVss1MXyL2OxFFLKwmMcqG7FlcYk6w9yNI0JY42WS5eIqzQKJX9lH+s4JIorZ//8QAJhEAAgIBBAIBBQEBAAAAAAAAAAECERASICExMEEDEzJAUWEicf/aAAgBAgEBPwHdVn0xQslCliv8jyrIfcyXaLxX9HAlVHxuokudtYh2NWUyd1zh2kPCxBcs94sR7JSshd8D+R7KVDdiIdjZq4JP/Ih9ZXeIexYbG6LxCVIpye9Em64P+iF2PlZXZNkHRHrEk2KDF8bJd8EZKKG7fhrCHK9j5wnaxKVGsuWEhNJ+RrdGVF8FEKRqJdkftPp7PW9DlvWXIRr44IzeyqXgvnwvYtjd72Jfgr8G/wAGyit1edoboj5fYvFPrC63si5EpqKt41IXfjl0R+0W+yvYoKf9Gv0JEY0xbF2e9suhcIjurGmTkaNMaifHKT+4cvfknyiuBbrL5zR9NES68T6I2c7HitsW/YuBc+HXyJj3IrLYlZ0MXh0nXgt41CcvY+S9JeeRIrZqovDTREvbaeXEqiiyyyzWaxTE78c5aTVGUeBcco1GpC55OaxZdlHvMG0+RO9jLL2aE+yh/EvQ/iYuOy/0am8ovF0arHfsi0j6gpJ5o0nCPqMUxO9lGlEvj/WbG8tlDQiMbEqHlu8RV4W5s1MTHItHOFjSRVLEnRrJSNX6Ltn8RyRdll7P/8QANxAAAQMCBAQEBAUEAgMAAAAAAQACERIhAxAxQSAiUWEwMnGBEyNAkUJQUqGxBDNiwRRycJLR/9oACAEBAAY/ApV0B4umVlPBJyHFpkIQC1VhwaZaI5TkBlKt48rTLmVhwQrcYVldaqQUXZSF5VduZKJChXVSpaoKgDxZUgqFpldWU52PGEFplJRE8Gi0zN1qpGcldlI8WMpOWytlbKEONqGVkITW9ShnotFC1REqQoOcnwbK6pHFJyjOBkCgAOMFBWV+uTbocBlS3K6jguuXwYHEAozgZTkEPABKsr9crcOvg3V1HjxldQj4QVir5WKcScrK61WvBAzsg10SrKx+hOU8F+MKSc4VQWqvlrlZXC0VUKM5Vz9FPHY8UqOADhspOQUDVTwydVb8igK+djwTxwHW/I5ytlrnPDdcoWi04o+usuZW4IQk8e3011b6G+YjglRkOOFHjz9RDVf87kwjH0E/kNvoY/8AAs/SyvKfyyc6cNvug3FMuJ+6JcKY0EqgcoUtuOv5XClVYjZC+B/SAB5/ZOqNRdv0Q5tFcXyqHl/KrIF2hK89NrIuaTP6lPBH5XJsOqdR5nWH+I/MZizU5h7/AEIDRdSGq48CPpg0fi+6c4eqi0rXhIGGxwP6gg/EIZPlafMfBqqIKAwzLlziVAEynV8sIjorLVH4nM5wt2+pB0lsKrcIjhlVYr3Hqd1b+ne7ucSEaA5vYmfA+Yi4On0KqwHA07KGRXF0XPu5Q1qJlaz9RP2Te11b9VKP0FlytJC81If0zIG6I65O8M+I3suzcO/3WOW+UEJz6x0aOv0ArN0cMaJmFcMHRDAwQGloujDSQN8rLXxbo+EG0Dr3WK5364+yfUIwxzFNcBE3hM+HoGCfX6FzWYc4jj5k4tAcTdxcn4FQq0tnGn08wD6r4rol4t6LG6VB6xo81Q+y+H+n6N7MMcz/AMSqKl5UfUV4ptszdycGBtUgL+Vi4dtNV/yDvy2QM+CR4F+FznG+wVX00psmLyjy8zrD/ZTt5MBU1XnT/ag27eBAVXXK+VvAqKuJ7IDbOSrfRtrNIB+6xRcudZYWHgtDt3OIXO2HDy+i89fU+B6rTwwSLKIhXUZwrqPHDyykHSoxK/tu9r8GK8/pge6c9vl0Hgi5hO6RlPHdVMHKN+C/BJ8cO6FTh2n8Z1KdOMJGlgVGKQAL2aqwQ5vUZf1DeuEcvT6GmQ3uUQH/ABOic0Na+NAESRErTVX4I+gkYbyP+qaC2KbaZkgo0NoxCfZYrThmHMIPoqXiDqiOvHf9lSBAWmuULrwQFNh6o/Mg9lqq45VUSBwAHzKeGGq/gWVWPVht6boNwv6sBo2cJUO/qMI+gKk4GHi+lii12BiNd/idF8jEk/ofYr5lTGjoLlAMoFOlb6iEXYnzO+iAbjvY7epR8dhd2WreuuuU5Bu2UnRW9kG9VAUZXOVQ1R+ZYqF3VFRgZVHhnKAAocLLly0UqZ4oBxCFQ7khS3EP3XPoqqjJTaiKZVLLD/XRWyjqE0pv2Vgrngvouyq7eBotFZd1z+yMPUl65BKihRCsyExow6S3fjtlS0XUH5r/ANlyMa30CpbU49lzGku80lf3GfdNnm9Crva70OQ7KTqnPaZjWyaU31Q/7Jw+yGRyuEYVRxWt2AUDFZPRQc5yjg1QYMgXGoova0BUfDBK5WEOU6I1KwU7LoVdDrlooi6oZ5vxFSVSPc9F8HAEDc9Vc5WPDQ51IdaUIdUPSE32Q904zurLRQJXdXVk3FxXOv8ApXyZA7lfFGLht9US44Z7p2IwS2NUOi7IlFwb7lVFvN1RdIw29XKHY7aYuU0YfM/qVD3BWWimStFJfCJlSStVcZXEqwUqrdXytq/whyAHeNygEFdaLyhbL/4tMsLDxquRsR3VVZE7FWxHOMaQqWh06UpoLt9kW4589ivPDRouTmGslUOtP7qlt6VJOQOl1ojemAuUIjQrzn2UH90Q5w0QpurgqGNqlTSpXmVJCtZFh9sm9vAc3fXKFPui7ZQdtLKy6ngbiWc7p0UtFK53E7qyhzVWxo9iocdtHBS0NKpp/dC4g6I4Lm0jUnqq2HeAEG4IN9AUS69J23UHUKomFButEb26K8obwgKgKem6acKfh7oVCEZHugJlWbKnExQO0qGEuKDPhHs7ovKSPBDgnUCQF8Sgt7qBuoDXQOy+Ji7+VvVfLHzHau6eib6eDZRV9woI+y5sQf8AqoicM7OVNfoY0QDqXNmbIgBrZ19FyOI9lU3m6oEv02VmwUIsF8x11WrEgKon7oOB5uiMVVEIEXnZVvxGYfrdBodiH00Vmk+qkC8KAFYQEcVhoPpYqSwx14jGyj+UCCJFlIhtIgAJxbAJUteZ2HULndKikFNkOsvLYq4XIdOvhWJWq1TTgxV+JGKY6LkcB1sg0OAp1sjN1zGFzaofwiE07N2Ui3qhiVSdbKPI7YBXdWVV0suaI7hRyTtdB1rdCoY73Cp/5Fv8lFYxeqpOGwhfJIPYlc2G4ZupME7ITqqRyiI9cjbVSbpovU5NOHbaEWgVdSgDM7FActrAhyBkddVIV/DsYV3E5F07znEqPiUqRzOXI0A7q8kKRogwsM68qJodV+Elf3aR6IvOLUO2itceiopHNuDZS2xFkHzK0glS4+sLW6AdiEW+6fhtEXyIfvv0QqdrsrN9ymuaSZ1UbLqEHaRuhR5ZhHp0lCjdUlwj9SA6bvVySr6+KKW33UbIYYBqCLS6XDVT2RbAHqp1iy0myiAPbKsi0KznEqgjbcKIGvsm1adOqIwmsaB+Ep7n+ojqmmSSAuZhQIFojzKbHsQnuHLVaEZC7ZFr/OW8jjsi0gyF3Wx9kGDcovxHwLjTVfhFPVO6Kepv6LkZr0V5RMGArqNioPh+bbUQoIv3RZWGA9B/tSyajqITIaL2hS11WIe3KqiQ2dwm4ZN/5TXC/Xqifsg0QE7cofgveVVMk6Kp1wp+HJPQWUvd7BUtMdVuY3VUyGqvldAtI3ROUHRHLuN1G41VmW6lB4ZaYB7p36RuqKLnc7J1QlgP3X/ZQ0cwKDvMTt0UN5kKvN0QbCDi6cXoNvD0Ib+okIh2nqr1K1vZAvw59SnfCxRhdyF8w11G61A6KW80JxiaRMJ1IAv1VQNz7oA6z+Jeay5BKuTbqtYPZTcx0UVOv/jELEY2PKnWinUAaI/wgJvF+y1yI6Jzi7XQKY9kHue2HJtOjQoIaI6KzWsajMhoHVCtSGz07oPcwOM7bIPNhqm1/wAKqmTsuZpQa0anVOIBJm5Ke78IFlbj/8QAJxABAAICAgICAgIDAQEAAAAAAQARITEQQVFhcYEgkaGxwdHw4fH/2gAIAQEAAT8hrZpi3RUOYAlxTMsFxLU0phKuWNcLQQ1CbJSkgXaNFhhQz+E2nIhq4rnuUd2YZkqMmkKDMboSwEa7mHJRBqX6uydhuN2RqIqUXwRUvE1TkjLGE0SxkG60QO3fXAbiRks3BS11HXLBsmKYsuaQnkiNCK1uoZcEJhSsyTVGZgy1Lo5sNtRhhiBB+NAT3lAj94EpAGLaqS5mVZiRE8Efy2L2/qUDRU0hGmxJE7CcCAKJYMc7SVGdi4OzKmmly+kVH3CwxGyJgMxM9pvt1NBHERFNYTkYJsQ2GNd4DJPMkTl4l1H4i5lc8ShZYjFe5TxGMIarZ85WqVZCBaQseovCNQwmZ7SkIduGDtS/LMFcIe6ospc75YxZl7mFeJpGGF1iAkkNCRJlS2zDimCEJpFgwl6SPFqcVsJdthzxLEqPNK98YAbJW9LmCRqKFhWHROxAjqweqwlbyZdlwtkEyEprUuc3cwjMiOJcxhmbFzGUbjtj4FsshxLxhi23AthUxl7lKruCLJk1Ho7gPrnYiPgNzUsQYm7cxZ/H0FKQjRBWigBp6mI2qGQSncPrF5UPARmg96CMXd8Sw3Fc+LJXEXeLMqukNyhMPEaYaMQEcXEphRHJZdJ6Yp6SX8kF18QbmO9EuVZl1wBkjojj93jh5vWpdiBipYh0jHz1F/hCul2zBGDMbDRxM2QRVN0d0t4i0sBBJvg6htH4BDKvCQxhbYFxrwWSPNs+GjoxlxQe9c42IhVljI/jqQPijy1xdvc11hyhncEbwGEUOkS8IwsWhLEMuOWNlrHr6FaHhMzS5bMNOGCJdywi5rM1x1GJ3aiWpYQt8Z4ybwblRC7PUfxNLvqWD6EsWKcUl0qvMKqVPnphSdhqdhzMvaVmYXnaKDwh1YallnQMKyteZUnXGlR3wRhBNIiM7lQzGXibZRaCMYlOrltjmFriU27m3CqE8449Efxoh1C+VRW53GE+gCXNECHFPMuDhMEdTpNMowtEVnA4+dF3vKYUaR4IwpFFEfM7lhBHcvyilRfGpUq4GWOWbcZuLJnEw8fxCYKgyx3FZKd/mUr2iwjHhCwziBVccgzNFli0S4rMTefBQCqpu4QOuDAWwImPwudwwjl4JuY7hj1KOQ3iLwZd5eVCjBsWPEYvUUKjW8JTmdDhHzjpXKdqlXGVMUXCTUp+0MuIrVR2WmYhTOd5owjiUDggojxeXKBTuAhSaQY2l/iiMs/lcw4IwwN8QuBb4zlLjSiYZuG80TyQINRxnPFUj1NbiS4PxDikdQYlpZjcTKYuZ0SG5cdzuJpGNiaxBqPkiHjiofvjw8qmWuXEYiiMIRY7YhaImjuRKMDHiHRFWTDGK5tVTZrIdXUrxyTbEqahFGWYYFUZY1iZ1wUsJhqOETudfmXTZUxYytcrhlsnF/Eo8dRmMUvblaGLcQqmUdkTh2QDKVXMPHLuYgzK83gLIlMFLZVa1LJUzo7iCVuZW8D05fUIgcTKKiOuTVNMlz8VhBlK4UwI5S0GyZMAQFBgysRgxAGYrmtxdcYgwgCXMoZuJojiCsx7TMAZumImIb5ZtGxJog5lpHkTJhRB5YwR3HgEhdS5LxL4HitiLvEEO+FSoDi9cVMW8wUhM9wa4OXKZvcVUhOvw1K1xxHxKBx3xSliY40Sox4YblrDU7lDcQJZ+BAXACZECqgoZ3RlFHLrglpqKn3C82UtKcL5KpiRblSl2yzldRacWXHkeAVvFvULYlcHOEu4agzcON4NQwyJdIS9QhuBhZrKh+IszX8O4RI1LgvwWIzwQGH8dJ3yQWe3IXxLSXOZTgy6iBmMNQlQZctjw7YqcSTsZiIuDhtGW1wp3Ek9R8l7T2TfgpYhbWSPNWEPmaTvkxBi3wS6g3plsT3JbBgZa4ORALKYHDtlwLl1WZTvErhgzLh3KTH8DrhtjyB2+1omCiAAtXjwSlnIoYOi2OTti11P09R3wcvJMLSgqdhFxmXyOITSXwHLQl54UxWBLwdZdx4YYYR3CkunXFxWGeEbYo6vuNWdlYqHtxHcOxM02vULS1hN3Fqj2JdzJ2eYCuVdxKhAzA/IIlfkXK14iYTMjhixfKCAOpVea4hLhpwZ4HBLmUWCKhlUV2qFspTT1JQH2y2Y6Nt8/hcn9Rvvh8DKlcEojYj+IcnUDKLmzlFw3Dki3Alw3FZDDECmEWFxwNMatzy9zUMceUO2V8LowvzAysxX4KmOBEb5JUdx4IzAwLlTg/E7lxmVMZVFm2MpirAVjh3HUZ3GOs3McM1i3Drmrns1B3pUKdx2/wAJz83GDB/AWTzL2XbAudykJfDyM5SzIuo28vx5mxyGF/gwllty6oWjCGHIspEXEOEdwW8BuNiuuBnYP4uUSM78b/8ANQhLzIlKMszcw2pYLHmgfE2Fq9v07J59K8HmuOVYIvFRw47mXehgpK6tjgBDbmysQrKDge4zu1UGsY8sKRMSK4/UWEEesqSUMZfDSEbjvhs4oRsgw4b8BmZuNSVoCt7nZ7SxBbgnl+YSjcVP4JANJkYmXt8lPuBgoPOP0EBVJn/OSrgY1MoVcqallZloGMzY10SivAIu2ZmFRnU33GZKiHU9om2DzALaiuKrRc8FNUU7xcygzaQzBtxCamUb8G5eovMwO9hbVxlh0z78Rw+Y/bX8wgNJNfmMSYSWOQq4knN8DgxFlhakDMhrVnNaIPyBmM7XcqGmX2m3ezKMvcGZK2qUwjvgxLoOJtxsn86PJCtGKmA/hBuG4rZbVp3n/twLmei9wTQsCvkqECyyhnyYap+JzeKhmHOo6JamMg6IJba25xCHVNztzjTLLyWF/uK+L0xxVjcUWjEzQnZA7R3yspU74NOO3GYLgMGS8RMwyhpm024NzNwSUC/k9vMJzdxeukLquqdh/wC/1Fl66DQW0SoEIC/l+B+HzDhdxmjyKCYT2KJfCIZBTKLNsBEtHwMQrDPuF6dxxbDcAcQ48d8s0515smDcrHKpvhtwYgNwrfACyY8Mh2eVRhbtQO/JGlVQV6Z/3KpNhxFBkTsud8Bx3yZxDDfZEdyglrlL4I3BxSJbPgSh53fzLVK8Rw0sNZYpkSoPjyRmnLZnCjDeC2bQzbkT1NAug/8AwPcNETE8+vRoipclW99UlwIitZPqv6Zf0W0Yb9nxAPyqk8Tbg/F6nftTol/HJbDaZqHM+GRrq5m8Km4VxjBS9LRLqTJEgSBbFhMWbObYcKBFGKmOXg80EpKDXmCDQ29wI8UegbhuKY0P0McIKQgdH+0owslvhNIcMOT23zMXoDqJSpeFcDojdCXc7hAuXnDOAiWJ6qIBMnbuaiekKWnfLGiUM0iQLZgionIXwU4sGPBuWBKxcwGEVN5TRIfp4PU+yrYMtf1HqiNurX39fqIt7ryZZYlSuGGuBzAFxWgOZf3l8e+I6Mtaiol3ubSjhJTXDIFxQalK+U1ek6IFqOdYJZIjDMRjwysSoYlwZiOK5PIFC+q5vG9in8S9HfDmXVqv3lQfqw+AKIN+nMDPPf4MrUW8RtSZX15iphWHiXJZw7nUuEAsSiM3OWYdEJ3KXOYDxg0auOuQcYpmMZWKhQzFhyamUGahz6aHMRg3ycn3dfBG+h4IH+bhgnMiglP7dfJ1w5m2HpP+eLBfoTRy87gg0XRn1B6815lFey5dAlKwI7judSjpO9BLqi6FVfl+I9Qrwhjy0rqohcHyYXKgCZMFzlLcdUiZKYqGb3Muo4alSwjSBMJhY459p4EkYgYwUfcLXTfuWtKPuK+fUNGOQtfr4jYCQ4Ds+5YPVS+zzK1B/hHnubaNw1Anff4h6g3V2/cGrYtqVgX6YPKlbH5QLuDSZm0sgFXQTxw3SjC18VOza5aA93uCLUWF5gMm6K2Q0cIOCGYuZYQ2yYlnugcGol8QwqfJMMVN8Chg2gtY0MGClKUSN2R/MUhfWV/cPY3dT/j7lEG2V/ysgQJswI+nT/EaJYSst3X+57iG31DBCoHXG58QkQOhP+v+5eUjOGE/3LIo0A6PJLbr5hHY8zJrsqK2MOuKh+1CuWreGiUNpD9TH7pXUuUVJkcniCCMOZKahpb4Ij2X6gWNw110BM0brzBux6GCuIDES6RqsxAFe+CFhLzAFeFwLDuKrMR13jL2KEgFY+JmaI4Uimoq8kKnmMJfopxKhFrIFP3A/s4EDtarcWfObNxOZmWc1MyWYw4BoQbVn4mguYcvIIufeTF9L/5+orFGmgiRGqzX4a4uLZn2IgjEBbWCulgVElZuXN4iM8QCf2j0VwkKMqkslL8wFUvU0kMe03DPFnUrVz3Bp7g74RDcUwoqGFMqxVxZ0mXMJXl/EAy9uaH1P6AJKy+BlEFBew39EH2X+pKCM8ZSX33F/FWvEVDJ/WNQ2lGm/EMDWY/wP7mo7t/mZrW9vM3LZ2y5rvcHQ66rhsujuWU91BHZTlYtYeKWHsI0Q9Z2EbRQESXdtzRVR2uyfqYZhhrWvMMtZgl4IfUo2vMkvojcxs+EoYmzSTalQWrGA3Z5lsiaFARqZwtmAzvSdvv2P/kdJaw5gNp08xiL7mLotz3RG1GX+GD12rdeJ84RB1+4/vjyhCppLVxoy94iRE4XrrbM83v5gU09QSzYBomaH3yFYR3skJiHcjQcrQz8Swmuz4rcqOH2mDxn9whCG+iWa23wJ7yo1/ErZ5q8/RBSLVbMhCEe/cv1V8xqSldVHtzO5ftPcx6t1Ac3xE9mLQbX7mmMamAxUAoyDECjDOdzUDnO7cRtW8e3eX0Tf4n4YEd/sI3wYGUurUCwCtwpmivnqNH+GWeP1hZ0HpBFfvAtoy9SnlTS7gnSKij+5ta2PJ4lgN5U1GY/NrGWYlLuvJ8fx+pRsC8XJYw34VEvAB4XtDFR3J5jbar5lS3PzMigwuKX/KYrGzMfZt8zNqWwZ/6IClgjBMg2p7mWuGLbq/qMi4iyuE2VLlFDqBjS2G8/z5lIUxmvXa8nFL9j+fyOBEDH7VwoU0eYsF4P2ngBLNJ4P7S6oWuqhFX5fBxUplP/ADkP/nN2+5QBLwWXhh937uOqQ93MqBPS7TLr6rs+Iyq9Jo+Kg1h7BV1G2yex8ZpIfde4VhfI/MrcNHg5kHruOGW0My67HiN6aV5guvTEeThua34F1BBJmusH1ZixF0a7jQRto6QD+bWpvW+bcUxFQtZJk7K1GN81mL5oOwg18fljuVOuBljLlFeGJCCNbUsW60xMnqVjorPPuCRxkuH2fB/cFRm6/p4/2gj1v/KVKITBKm+PqOWkfUYgI+Bmrg6cKmQU++nhi0foj6NysKx05xR0qugRKoGqbipvC6Mj9kRhR79R94fgCUCtBd5jxovnED19CUYGHWIlPCZSgt4gfPuku1lCmArm6agwf8ZKliPctiF6se48eQvqYOYM1wtKtRsgzffQsifgWqS4oqsGalGQHuHQ3zmvPxFgoXqiviUAUwHUE5Ctj8ldH9zEtvkGeZFqDi+lf+zBR9SxgMVLhwbG3zERmTzMuocHEZbw0W+5YyvuP6aqdQvA38kRgyaExUG8HaGoKNbF9RALeTqWHRwXHmukUe4kUdNEHRArZ5iTtVbbv3FdpB1UWiP7PEG+iuRvzUZBLMYl3cOioYzI1/kl4FM2MN0IrAxQ3VUale90KQSlX6BNr9arz73L5A31PuXeI7rENzNMxlwMKP3KcF8YxHmsUnLN0VWnPUQYFWySyofKE9sFVp6ijZNLX9/xL5wbbpgVo3SsbqBlQn9VKhN3YGf5iqyn33LVDgevw6lIJ5h8ysex16Z2gbt/zNlPcbp9nmWTVVNyuvBKE009syUCrKmtNMGYg2g07F35liczJBvC6Nfc1ENjDLG3tSpmDQfdMX1HIKHSKlNJytCPmKgntpSQFflPqG1bjJUPY3oLuBKbsX2SxIQ1VqvqZnrC0X9waIhpAUefzKyBu0zit37gmBX/AIIIQPXT/qIFmea8S8U26YRuMyMku4u28zuHuAfvMWPA2b19+IBWEEWz/MBS4O7+iUT2jMD2R6n2RqW9S2dcEvM2m3FvH831BG7tkiayNJuoRL0Dqe6Mn/UroDPSoTVvgp/mUxSOVmoblUdFsfcBbB7c5gvEDapiekS8AolouUXwG4xh9FgnuCKQbU+oO3HJwWiE0bauc+IZFA10P7hSp0f8ohFPyK+JSiKMGaP67nkl46i07WRO49iW/wAEZsdfDKRLYVqYkv7ajlBvYgIVgo1CASoG+2wjbRRkHaJF4eIqqc1i8kWSRbpMTK57SizEEGiysh9kRIUkV3bMGJ6SpU1E4BmVCrKOyAIJYA+UbQqvUvz4TaDVoMzcbF/t0QR2cCCkxgSqIyjChuSvA12wPiJTXqg1ie6qHLChW9jdM8CuzoxCVpkFSwP2XM1Xmmp9xSw1wt1/qIfqKLjVyxLxbdgZZaPLMHzLZAYH8CZWMbizbmf8TQ6Z9mYiB3gVtJovsbmPUHbzGhgBuMF8fSpvQYVaeYtngfEqy7Xes0+Ze/k48VAAfeUfLzGVnwJSWPQaYxQCtVm5ZLgvQPfuGKgdy5mEd6llxzNaINkyCioof2QBjBw0z4lZorAVv5lGgVeVlmqUf8EHYHkG/XqW1Y7d37uBqMGxEXoaX1GyGgYh9B4H5IM6pjT/AJmJILNpdqL5qDOtrEq/lcdKhTFC4vhP1MuWdWLaIoDIyW+SLsNLfePc3gKsBZHNuouEuYf0nZT6lYDeZZZQKiVrV4QA/wDUhqQ1HR4jxfS+ZoNODZ/UwhsveV+ZTghqlSwOhimiHtDiH84CoaUptd0PiUyn1AEuAwqWwwcMEx5GpaES1QB3Uad3MjbNhGIu8zuXBWWVP//aAAwDAQACAAMAAAAQygsvoJ+gWeDrvwOFTdXfAoV6/JzBbZr5trDoMinUTy3VjDxJ8s/ZhJ+MiAhk/ZElmiYWVpc2h93NmfHWe5Cw0X0FB969z6aUBaBlBq+JyEJhFxHm57Vb1lsrrYCF9xIL7HOaMnsFarNbU8Dy9lm8Q7YAPMTi4jTaUV3ILHk/IDI/hXoQKRkfdH3ckhik+ta0wLnGZqULT7E7ILL7WQ0Pq9ZWwTvkM8fKLYWIzae7PnjxQ8O1pHy1ZnVWT+znSViKyiahnr43U1V4hRCVBVOohCBJTB79L/T4f4kp4tB8dF1IKw5Z+K86741quxAvWuNPxPD/AOTzHOrDvEieA4FKlzn2uKH+i0A7qOrurJUjrKNdc+55HeNA4piIuMlsDiLU9dJiGH2+FLCo3yxP2Yso0SolUwKMQo7E9ICY3swGtUgkMFNzcS5SQzXfJ6IuuhfxtlG0RRohMwAWchuMEE7LHsvpSzUJ6peU4OjJDKEt1NzcNsmIYBzuvQF6XLY/M0lHLNrFpNME0EhwEr4Q5iAhdNFrnnn5lfyaslYrjy7eRrodJ1pXoigeuQZInS0CK/anhkcKMCMOKrdgZomiYIAwJC5y16HoTXKXIzYDcigY7dTRIY3tOBP/xAAhEQEBAQADAQEBAQADAQAAAAABABEQITEgQVEwYXGBof/aAAgBAwEBPxALOScJwa3rqMLdjwr3HDhtnqGUtLLP+LT8JcZvqZ3+SzX9j4B5Znc2Yflp6WPEsaboceG28KescdvJ279WfsCYt6Id5XogPJ7i5EUuE/beGEOPDBeBfggg1yB9JGcfQ84IM5zj2GkfaeOktdvEdO8+1+1oGThEtZI2T2tumaE7o85M/eC0zuJ15ENLF+A6Em3UWSKP6szYk6suiM6vzgJE+WyXCEfrR0hdIJHkvIYSRww84b9h775YyHOPOQnL5ZPlll3ewAiR0x+Jn+Wdxpz4UfOCY6b8sO2WScEncmnOWE8MYR3HC4YcvDZ8lnBnI+QOVPGSfXbwch1y/wCD34R11snkh9/z/PsOUHpA3WEiOPD/AJDlHWzHdnPWfHadyru+PyTPkEWL5YzF0z5PhvK3P+115bM2dbGrzqW1mWxACXfh8X5vz5T30u7r8hKeHAT2EfYg0t4zP8urrbmIab8sFvN5e+GPy3ONt4fl9y173LHXwGs3jCVj2XZt6t2yY+9dj2Z48S78bPfd/B8DqDqz8vPUOufbOQnxsWkN7OM/GSS/ssovGkmexu0WvLr+MDaWPpKeM/shbBPt0RWeWh1Ews41j3uXbGY9uvIjqxYnr7ZepNn8nr1yF343S/eN4GBbeFplixswgFumJ/QgEIkeWCJRFifDDtdXv8k+l/TPI5G/qW/yB67nvn5CWpefl+8H/Vn89sf1D2e4fEIxNk/jA4ALXuT/AOw7dkGpY+S+vgR5BO7MmkH9Z17BHVuSbDuVO8tHrhl/5mWwh0xnIo1hc6YBj7dw/fon5I9b9Cc7sTtb+P2zM2Z7gB3J2sRnpqY8s+erAdflgQDe/wD7ZPf7blBr8f/EACMRAQACAgMBAAICAwAAAAAAAAEAESExECBBUTBhkaGx0fD/2gAIAQIBAT8QuZgMquAWF1EMM7jLLUK44Bp8jt5qAYrRgv8AkjZqWXVwVZwgFJmXCjUGj24LA65OLBcu8QEN6lWnigzxmTxsRq8TdS878juJNsAmJYYeSxiIWFzVlcmReYizFWoyAzAFmE7TYjy50Swbjyphb+4soLniZfcqA1GZkD2Ku+zpjKQZAgUVNU1OdUz1DTcGMf3MKS1TFNMAUiwbYOqJTXLfnIN4j+oU3GKkZrdE5MuZzgDF0VL8REcy/LM8nvFwb6XCveAtiHS+KFMS3jbcW+AvMd4SiIi98FTyJeBxXsx7G/JXDpuM9kltRCoREvhQJtAOeA9ZdkcjoFGenl+EXAohFSJ3zcvQhxn2XUu5pMlv4mDHh5XVXzkAzxcHs0mahy75DpfLCxzHOiXdwZqHWnX2HVl8LGdRbXGBbDXB+JLlZrhal8MtvpiomBPnN7Lg3xuWrEUWkTLiWVcsaIsoVcuXx7Fh03T+iOzmoFQg5qNY3coEK0/zKCxHG2IiwV02RdODl05oMxKOq+QBwMWtQ8TUEwqADbBD7BvoR66BC1/+8iprsglcOEHEQxLBqXysWskv8JyhpqBYvoqIXU2tgG46hgihED6ghUtjv8FIB1NIFdKuYYhnbzQRHmCYTIqYFMFuEHqlRvApU0UsG+jLi2os0xPVJ8IHaVZRuZ+xFEjaAHIhUSmpdxSNGOEuXw0ZhoSwlkB1C6K3L+wgz1LmYSfc+nIOns8lSuDpfsMwsgIE03GpSNgllsyRi+BFOoiW2RYDWJ8MgZD0KmI3MewemX8g44UXlABQR/xAn2C14RdiuJvNysQUT9oP3U+hcVgYgyVELGofZwDFWFcQ/hHQEoaGW7YOnFSoh3FMVE8EKI0aOCrTMuCDWyFVQDiAGWfFVLesQhUUSmyF3CWIheQiKzUxF5xfRoBi5gphOIIUEcLvEW7SLEN5lnRiBVLEgxhA0yxmLZPZawan+pUx5K3AODiuP//EACcQAQACAgICAgIDAQEBAQAAAAEAESExQVFhcRCBkaGxwdHh8PEg/9oACAEBAAE/ELox1TDzW3UThCWpz1KZiPb8WBMLSCKFRV8swWtSjSl7MZixgwbjNMrKCgMUeY/X4IHD+5nxuVKmUtl1W4QNeOIJq5VxoZjKhomxlq6g4mg6s3NMwL/MHGYMX4lRrUtLhgIjAjJaGtRZdaA/uIFoY3xAUa/NRjOGrqAlquoYOl7iehDVQruo/MBOwxctpWMApUFXVViEdiXHCBC3El7zD7q+ooXyzUbgwTjhNix5iF8XxDT06jZ3MwiQuukri5MwuAOcyxQErQUNwuu4qwPkS4KMNczGNZ0xgZCBro1Mx1FPMIkrMSojz8M81svX/mOSESAWXJfqN9FdeJY4x3uOJGEYXMB4JkRkNdxvindSgqX3pN0TcUE0eQmL4otJN81jFhFcviHAZZbGKr1G0IaLYVpdE/sYMViUTJB3EFGI06IQ9ytzIXaLIVBBVaiosRjWjwx4ZZpCrRKsWahpER/MTMDzUrouLqENDxK9cu/EqxRElxatlXs9TfW55qJ1NypUfgRLWYEunKU6xhcAAiQl7rvi8VDpXSUMI/5JTCWIdg2y0HX3HxuimnosrgL1Mh+gXuAvism4QHWWK7pBoWiAyfiErTK1biVyNqIzFrNRYLu5XXBa1rVTIjEA3SC+0ucxm/slGMwirol4l45iCK1DYGnUBkJ11KMc8SwljApHauovApMLUj8OHyyhbouoCBk1AvDBjPwGIkrM8kxSPASspa2w8dEajdodJZVAEuELzglwE0QO24wbkOal0bLNyvBXkgHZS96jeKiniM2UvTcvBmqthpzG2G4LSlaCXQX3LVPCssbgimmu4VB5jKhiFg5hixOIccbVKwUOYiJtY5EzO1lRGFH3DGBQGZvoDA5uALa6oqOsWS7Zc7tNIKS9azCroq34LWwy5g5VAqpwo6lifM3qU1mJGIRyuAObUFMe2Mr7QXqY5SmuYrGeSdRatVlqKmmX9Tb2lBN1CzENx0sDxKq3hik7U5lWUeI0HHcVKvMSoo2XEJ3RWsBDurl1cSLF58YfisVxNExUJGreIwIfLxCXXeWotFNzCMolOYBJrELS7gPMNz3MEYDTKMBi9NVkZlNlVnUR8C7Id/eKlRFCy5qgDiMrqu4Sg5Yhh+CSrcw4e4ZAKXMTc3Hd4VitU+0undDO4Z8MS5h+oVLjZoHmYuAvJe45xT4IrDh2AhVkGBWIqxGRtiKGlcSueShHCidcTOU19ILwdyorcssrV4iy7j4mIiLmu5a+JmIuUStWXbArOWWIIIQIHcaAhAFSdLKRqyqrc1EqbGER0WwDBGtvxDFRw9xuvg3hUubnghYhCy2XLy/KBFL3Zd4gOyN3MECSiN2/UymCVkVm7h8u8Zl5puMwHzNkZhbK2wmyYhUx0a5MCm9oysoVPCpbkG6GGtswceZg5mi2xttxF8JcQOYZmWUKFBbMyqlNIaXSRjTV7JjJkzfcbQG8RCnD0xTacR+efhQw+GYTwYybiCAVN9QUyisRjMSkWl+0L1QPygPT1Lm+YTJlGWRxWjgy9YgFxY4jOG6XLmrGAL7RCFd7qVeF0KlPLaq3KE0mzqKoJ6Xe40Kq8U6niFrRGS+UDeZRLvCErNo4u/hyoYW0iPyijTHMydyjsauOlvozM3VcwAIoVgqBywsqMHNwhPNkKFDGJZMdfEFwjuJOIu/K44FDuWkcmCC8xt4KDcoiLZeKpgZgqrBLw2pqDVLq0YoLuRFAIKn3LRKCiByqwKGEZcwRKHVcyi1RbxGsExmoLXUFMrEw3EOCIKOZVAt5gsU5hpDzNSqt4ioa2TaSLpZESlGdJPcslZqMuAamShK+kUXAQsotIvi/ioiypol6VHVZWEdAyABLRzBKJfFMQWFpsY1FZx0CUVTuLypmf2+5iHoWYAfpLoGSOVl2zO1HUWkMbVHQmGaw0sIRp4l3iDm9Q3CJTUp6gVFauDFVSNi4Yg5ltAiFkAvuZjMAJGO5mY5GUjstwRKgW5gzj4dSqb4u4Cm4xy1cI1U3isMPHiJ24wjIk8wJbttS68IQeD1KWkvcdZDgB2y3oaibXxFQ0XKsCu+pzudF4h4IvqUaMeCJYhS0uJLBmEUYOGlZRDhB9QclXde4eJihlqNYwQAPES6QRW3qWy4UBo7lJc7yDdrNRjESBcAAKaicMcy2oy5xMVAavcFm5sgLKYAuyE08+tQMcZWx670cxyXPDm4VU5XDQvoy6ksSAgMd7hitRUxH3Li5agfDJEgBTDhZ1khUXDKaRiwiGCIbTcBJriCAwF54lPs0wtTWyxj1BV38W7FsKAYteDEWriFdmuJaVwRjGLWoEaIoV3LbhWvEw+Kaj4i4mQiAqNn3E2zvUyAgBAqMDC4D2Ex1xMcEiUpVTG5TzEIGAiH1RyzO+0cZgllOiKZywMVrCc5jwLmbcwvJu4IM3cESEZckKgfqIuBGN7hZV8xKdkYTxGCTFtRN+0y4tsPK4t/mDA0hxFs2xARWVLnMIuHeZkotRZTqDMviJzGOo0NlxrzqZMxxluolbAPTLMWJCsYiGQepYJuD2DUob6Jlw1ApW9ShTzL0Ye4kMi9RfR3uUi1DOfMZleIylxu6V+5V6IcRJ7LxALQS4fS8uolI7hBqcyt8wwy1BiGkcxS0EBtjA9mYaUdzTcsGkNJ2xXGc5jVxcRT4M2UYbiFY7uYKJTyxnCFOHEehi7OJkWBd4YgEvpY5iLmYkiSzmbEIDAxuKA6MQFNTGer5gweZQE0zGqFv9DvUS4WV82ZoeO8wDMLMRvMoTbDfwWEbBYEXGmWVFYxePm5jJd8SmXnEW9pYMxqKR5ghRmBGhqbZd1LqEG0wECUgrxADMI2m4iMwe0KFQjdXBwRKI9CApRElKFTALmQiJ4RCxSMVVzKt4RwtXLlS1oYqN3pfc4FEDmJaeKnMq2Xo3GJy1dyzh4YWDUBdNx2dtfBkEpDZFoYDzEBqze2PKUijv4LoYnGQFUIMAxlQWI8/A3KiG2Abm5YsgwgJaqYUJfFRTmpWhmCkbYMu8JSxopADamPYNdpXv+4EuKjHkx4qJx5gQMxNmK6YlvMEQ5Ux3MWnnEZzcpFsTQnWJbC7iTmIzFbHcbiCy5kWLdKzACATaseOYJcXMFosvtGlGcNpjaqXFbqPhZQq2ooFiQLgub/EVtSloyDRBa8sAl3faOI75jwzCVqJVEItNjbNpZdSxqJzeoxlYwbaIMTEWwjGJKqO4sAr1OUGcyzNQC4MXDhly9AGJlorIxCoKuARYZWpVxrWARsimxMuSFI6SiIuX6IFLqVldwq2tUBd7uIuYRWhK2VwQXGIVGi2pRCpcwUHCvcBqtRZz8EpANo1pElwLw0dsrDQN6jmwZoty8UHK8emLqeDheO8TaTMBuN3LCKNytGbSi8xxS4wGiu2KMmETuLgwFkLCRGpYMRXiWgOagZkEpgQLcWFhnE68sacmpsXtmQCYAzVRWrGG4pSrZQAsyAc7ggrCLDc1ByziShrw4ll5jUl5BR9rMygdWWy4X3co37mXO0LW3G261OorDO7txjOJmQOFtYbHnviL7QYs6i2xIG5cFuZOZcxojnw9zBG0V/kmtGoxfgVRiCkBXUR0NRRayXM1ibIukqyjhiXUJYoxXaFhDRfcpeZQAEGytR8IiKuWz18Lo+AAZYSnS49LvaNh368wGdLCAHWTB33UWf1X0827goe4tjNm6vmvEIEaJ2K5vkuvEoBVwWX3AL2FPodMMJQV0Xh84fxAGILl0BlZW2pWZeZaSjDmiPk6jsqXmLmcS6ZRfmZBMalqIymC0qZIwIo3BwiaAcRhe4KSDLAdRW1AQWsJpFlBmCqTAjBoHuLxdhPDIRegVvKeDaB0Yic2tQXq+a8+d+Zm0yXasWdDEmWYW8c/HPwAK7y+mAWBEgpC2iFww5m1Roxm0ReSNqmsUm2OoxlmEu2Bdq4DFllB/swcuiLAVGBuu5nnK0Jcl2o8IwymHipHUCTniPLXxrhGMDzAkHD3sOZaVpLBaOgeNY1eXqBnh5m9g2WcRyItZecdn/4qXplR4UTo7/qVDDArcomZXT4AJFG+JVEYuAznIzhGWXEWEYsuooekpLjnrJGqGb3FckwlEqK6PzEPc0GKlDWY7WoW0lFrRgivA0yzApN3BaZcpHRlw3L0I6cEYxdxCFXwFA8GFW36tuW5El4ZA/mELxKXbcQ1HUMSuzYJdU3K036jjVwG4HwVqqc2xWy+IKzzCDbETumgQO1ajl5eo1TZ2RlDiM5g5I8yys3wVyRSGhhL0VpiA0iGqnGADqZRq4ixr+/i3krYiq1xwtDhqPY1KxDqBGgTJDcsipUWYBWWgcOjpj+WXvQnyU4X9xElACp83ELru3R6larPwEYfaGF3msss6QSg1T5bjulqZ0lcHlq4GDqEkzVLsl18dwzjXFQUauDhHdth0IImllgK3G0S3muWVpVAFy/dsVKdfU3HlfUUFC1ZRDNHeUlu3asLe+fMdtjUEOXmaT8wp4MYWoqMaGJkURYOWMKpcVc4qXaT4GUwzGg8fF0AH1DpmJh1dDK6eU2oVdFs6fYKOdX/kBsDGIVWMc/XULBKKL4lxRuO2OoseEihhE5jbQA64mLVdRQPbL9mkV4jQ02Dc5Sg46T7jaiDOtUQBo4lMBmGWMS9RENF83LuCLlB2s8nAgeiYICvpHldFXLQG0LF1Ko3SDo81GrleOPMcOpbOiArKUWuiC30CXL55lITHcXbcYsSVEvcMKiBw3LkxqTEiNjUKAC1eIiDAWOVgtolIbhohqviMc44fcsQ0hCAvZwVrrP5+oLWN5F0bv9C4+4+2RIU0E/gz5mZlgRcjplJr5m2Xb8cSrwZ8zLUytqyOtGVdSglQUmbgoOKjKwybiOs1L7lm7ziMRKfMGjoIqj3EjE1n6Y1Ek5V5hbMsGjPOIAyx8ERsCquJQHUIBYvcDvC6mKl5IxDKx41GsxVpcBc6iVGCo8xB1T5jmZYaBHQiVZjDGEoPRAkVsLtXZVHKaJmsClclR+iVYpauwYD3/2He1TkmE6PPKTHW6x8ViVMvqUIQpM5gDxNkdoCMAOWUaH3PbwoWom6zAhctAS02uheZVtVzH+Xuc+Gta7W2cxDpjIolVM4I28ET2GwQxfpYlu2wFaNx3F5gtxI7bjlw3LUj4Yy3dwriO4A6ihTUlgqYj4na+BwgYU1DOYXAgNSg9tUKAe8ynSrbYafqrruW1FDS5r8ui4zv5u6B9BR7uImMErMu/3iOWokYJr4LGOTS+GEDAtMwFkFuxYa5hEeIXWESiUt+YwccWRRgKwd46lIrkBb1dPPHiUahs1DGfxG2wzZ3NMzpLtwLTzFxMXLJWvERq6jHMMw4gbTuG5iiK28wC5RqDQVjMBFRvRDgOZv8itGijiEJUcXD2cykCxRLCH2N16eoPoEA1kFmlxa8XKb0TaESlVVtr6tmdLzBzQ214r+4FGEKGyJ8LMsD4Vn4yH8okg0lkbuEwS61ShMwsm4vhBmHEJVcgVRLaubJtT3Hwybo1DOsxB+AfxECmeY6HVwW713HcNwYjTE3sdsIBpHcraYQAiyj4BxMqXcJczZL+CCkj0R6hdd816x9y+hhVSebaUltHg9vMsYYWlCWXo/kYwCVQMZ23wRgjuvQ2TaCsJWuYwByTotB4qoQw1Au4KrzOIb+RRbT1BEULC8nEW/RKRZcuVRhgJwkXqz9SqonUZTasXEDZKbIUMHiUXRuOEp8g8rC4F5SpdcjMgHHMdCVmYiG2tuGBpYS7n4MMqpjqVTWNtQ6tYjExq+5Y8TZ+AtmYtPTEZSrDtxEoCsy6DjztgHsNsbQ/xfuHWwjQRug9N/YFwXYVQ4EXjkEIJAyceLvlGHD7+GVC9TAg5j8VB0bwaK7iJTPcKU/5GAgruUeLsZjFBKTIjVqMWGQ6ggXAUXZGA7WonYNCGOtd1HtHSWG9GVHncVbhVVmOf50HEHKbYjl7zeSZZjgErc4INKOcy9UFNXiPrWWVQWcQA3BcJNn4dWmOVgnUlJUwMiMN8B1VETMVPGPM0U581XMAGtJFbKvABRrdvUBGYAS5VTa1yePKDY2qFWBbbvr6jYO7lTEqos/UHwoDQ+GDWw3QY3k47/EFqZFLRKQr1f9x7p9zDWfEoLxhGAfEBqQqF4it1LdSxFY8S5TK/NSuksHmaPEFTV7SzTu4LVBUKN9RzBl4Wp4SzgWKty7TcFVMqy2pkxG5KWnUH6Il1EFVuMq2jLGcyw3kEKealgDgrbA2jYSWsVDhmmJVqvmIRIWeELfRa+BgB7R1syfguAMGEH3LPCc3FzHvOPgUbtHuBwh1WnsjLTE0sUiPpG49zEa2toeEjOiOMMZSpZLZlIhuXxKCQplFxZ4uC+IFRkaCZJNdQGC1ygYd5JYmmtXEpjDzMTgalRMFIGZYR3HsGICsQkC47guBixiAtP4Mu2LcUYFqRY03qEBGU987a9UVKHAuPS6soX0xdQhaLXhL/ADLdR1eatd33x5nqCjmWuzf4/aGIg1dPQXf+ysHLucEUm0tlwFUZWXmpHhhzHYEp4F1/p/UW+xrFeZmC2ASxQiucS+UtCVSZ/wBy+h7mO2HAUynUUgAplbvuXlMMIQ2tbZGCuaueWDFbGDkks0VLqUdE4SbTZfcJO3cy3RAlUs6XTEcGB3BXiLojZRqiMItiCjRM6CUrghRfyOn2EuH94Za2szv9R9A6MW5GEEwdVpRyJd+IUYEdYYQZbKbsPEVnVykgDrwr9y/emhV90PDVkvVAGXkOH+T7m8vEWGkLrLWgl5Yotp17eJSHI02v+QhlM5n2/qVGgR5Jx7/yVL5Roc1lxCwAcvUP3DtG4JIo4qKqVgb5inTUFlagWrCbGbMwPMSABHI9XHgEnNO4OHRhwwhbzdAPUU5tWXiNDAhrKsCWPPqFJJ9wUCeJXRkhKpyQYBrO0iWl7hW4xYphKgzT3A2N1FooUAFRtuHS8kLeU9Qk1FAZVi3gtWHpMEPcAGysVifogmnzi9jU/ctB+ojzmrh4UBnSuTA9LH4hUNIoBfqbR4VTalgNAGLeDHcqjWS8/dD9Go3IoAIXlwHTZ4hsGNecIaqqBfi0IpJQZLVo7peq1FdWTyW+Ckw83FrBUW8L79wPThQND0xe89urmIi9p28y8WNPUIGFNrGfHJLaq4GAVH5bfohiQK5wIuIwC1XdwSwnNu5Zpxe2Zaq0OJh7eSYat5NRF3OaVxWsFcl6NqsNE76stATKoDNromQgNiiwPzCG1hCwleGUEFJxlWrhzSaziGUC6wsh4FyoBE9mvKWmsZS9z1aLUElszuM1FwwbZHN9QClFRApMm2SGowHjcPGAEgOjERBBuJMW3b5YzojolXxUZKRuMa85uu44NTxUGRGoYtv45lTdF+hvENvbGdpwHMMLkeYCzX6CIC2hT0lS6did8mYA3jA5px/f1iDAOI61TffOPESsMvNxxDqVG8mT1HUXcYOK55zqUPJIVxxuKSlcs6AYhKmHxEYy33GqUHUBkoThVyER1ZxLbFmEggAISzqIYQtjCmyPLqUCBpIRDQs5MVAPe2Vm1xWUlVXlFeJioTKqti2Sxg11iHjdJGKq6pjdigcEA24dymw17gulHmMCh8TYueYmjMu6ByrwQxjOyV0DL9v1DCL4uPzVy0MZrVX9Qum8NC1SFt0ZlAfhYf1AtHCArpXXHiErDYCJXGNRFd/mVFVLANwgUYotp4lHIukpByznfuM3pk1qEsSumGjLs5bwEbuCnwK/uv3FRHnbKFV6pzK9ZNgFrjPvH8xUm09jX8Qauy5aXHgMESLs36NUfd2/UteaCP0+DiJa7u7NeemAfb6Q7gekQ7ZddhjqVdRRqP1lat48ywo+4UHBbmT0N71FXwxuE/8A+TMv2r8m6h8Dp2fiCMRhQy+SNIU4qiXOkOS5mWksBzABbsZF1EN1Kn1F448RRC0gYYKIN6lWEppj63dRoiOAdy3sysc3AAlZTvpvrT9xGCLViplXBDtQIZxz/a/+qIG03dxTn+YcINNwXMYwbiTOqVuxVWcgfcJ3JbLyzjNx2hKS/cdm6Diek/uP5DqMZ0x6hbCnCnD/ABZKfrxXYzvfUVxdv8XuoBJc0KP0BHQRbph+uvcDMKKwdTfxDL7l0LFu7N3L7hMpsuh58x2N2hALofMd4h1HYD8/iEuBW6wi1+My4b6NMDSh+oXCwnvA/VzNDvHBjURM1baeAO4Nd6ZIetmEwkMyPXNCz2zwV41xGwaW4PgbR5mgcewn6nShWOoXHM8YIzMqaaGoMbFsMsCHDSVdnUjmJG7NXqONYAwykzeKWNl03Qikd0ZtBQlsyN5+KfEb2GIPzbFUrlc//lWfBBREcmSKskVFzbduGupkdBL9QtSoo+VR/qZlC1XLuPEaPcHVcspRVXKUr8MpQP8A09wFrlYBfuJQLSr7jiKjQC1eohB3GLTOt1fEpuKOEvu1R4wqNQ7qdxC5cjgZK+6hwCAyvMh1x25q44xUTkZVt5/9S+BAELwigmb3cW2e0uFCi55ol5GKWV5bhgFVHiLh82rdQqdxC8mFidSnIvjqWomsZXmOtnN5TAdDuEKCUt7mfqh8otT7gYYTBxxVKRq7LhTIYVgHubbLAbqX5uhpiVjMylAOD6uJXDlRYGAgQyO3uBRnr4fSfx9fFP7LHu39xl4//Cpl5gLgqxnZ/wC9w239EyuNqC6AX+ohRllXg/4gyUIFvK8HnmF+2NUc55WP8wNYygLX6gt2bqfhvl/UBNyyWEG4nZxwz5HXvfqW0WUbbFVHFDeCuIga2MAVtrqKg02jphES4AK58nMXWiKA9n3Kk1rQasU7OnzGwdaGCgF0/wAIGKgRFS3bm/46h6IKqgDdJeeZd2GaJVgHEaIxojQEU+yU7iBF0rKeDC3wS8aBFeSAeObikkRC+HIwpH2gvEod87d76hEgvff7lFGodHsimmUYW32SmCrdAHlYnNdgHREgAosp79R1W6wHHcMsVLKYQbLBq+E1tDKBC6bEDBEVNLOP4iR6Wnlc8a7GB15ta0eZSR2ifNzwQAdrmebxNomgdnJ96mDgnRnINc1ymuYDdJFKF/WOmEyZMjgMjHBRXiVmC8hysbZU6BQfRM/t4UZlRagQtxVeLN7OsF2LKLKnLaccNQs5uCyrhRrPuHJTxiIcprFfkgD09EMCelUy8r13L7UuDCxShQ3wFEqy4vOX2Lb/AJ8ysFO5UPOhnT/8hh4Wh1X3yc1suFTZrUuc3+bOSBtGUVxJfOL/ABLOFA7xfRQvdzSO17YMC31ESVECwNjCBntmUm4WZrT+IvH4O7TuVWgVIw+pyakOf9l1pQDacBHuNLTiucS9l0PnvHiPdFy0WOnmFFO6e0Q0vmwO08RJtF5vUJeFx4OCoSFZsFP/AGM7jyoirD0jW5Z6NL2fiGuCv2AmRLz1L+NR2InGNxAyUuWsHbnXQ9QXoZtBCrXOCj7zH0dsvRPBwreU1DZkXTVhXNExjOY6QjCmgtrg03DjrkZwWrUFY5s4ojNC7dY9WYlGOmiWN9CMyMEoAjbYZa3mDyUQi/wf1GzG3NHeIwYgKQfYDFeLuUhf1A0/pHEiq7IhlCGaFp8Siq1ibu4dKkHYu3fDNAtIhwikZzfIGAbSslo19YgQFY06VpqyU5PfETQIKL6GvdRbubXHpUK+Yk+y2816hDg1aWfXUrWXQr1XmWWLVCzLV8YlAVURw+og5cnIeYkdcPC2UQyAAGmSvHBCCDC1yYE3BovBSg7U2HW4+HIRhjy7icUYlcS+HuOGnaQGoIng2w3AmUCQHN8QIS7aFXmjKkoWGUqSu6Y1ihAAOCzMZKgJqtuGFMbYmrLB3yo5fdR8GKm1/IxBjeKcjAINYU8sYQmA3NZdlw40W5zUqSIBFA4v128SlDR28sl8oePEqnJoUqpeHVkpuq445+5Q9RLp/wCIuwIaUeymcmczEb5ElzuuNvpIgkGgoMXaUV53EfgiQ2cgl1uzMrE7C3vnyxzFPQLeE4pA0jo8RgRC6T/TH5l40TZ1FebL4IA0wxS8v7iuseJna6gomxJb2PM0KGOZYzmdDKmnV9SuaZGiXzcLWR/lLzSdmqbj1K7Vs2xCybjFraS1CEBd0cz7lDCHULtZtn9kBDoHLkx2kTh6vg95y0S/SASa/wDiFCGhZK4Zh5YaPunEuEyvBvChj75gjavGIxbl9zCg7KDQgW/MYZeC7dqmuYzJzR2AWEXuo9oM6Vg4uirzFaUURHOWYeciUt6G2LeG1kSyrDOK3GLqHAXbUcV1Dkgrv6MD1zMIFNl1WUFcOB53LTH/AGYMz1fIU5LwnTKf7pMjgORwr3H5bY5k68JeOSHX3SYVsfpmcWUDldnmUQck8X/j4l7j1Qjf3ELYLL5GBwXL/a0pZtOh6jCdm9JUtXJwltLAbS2j8M3m6gyKpLCXmsmfNRykvPI/cptM3ojbs0DWpV2WKYxL8uE+ohsTdcFtmYcMWc6girrqAEhuOrai1qXN7Y7RW/DZD0GArnkgwBgbNZgjuBm2eLMWSgUWADi2/wDEyWqFi8bXW8RfOpelHg8OrmQCwMAstt8ZIyAA3KDWVjMdsa/qCjFQaVhKxt0B37gh1bQW7zrx4jjhE5CXlvHPmbl0pbAWtgaqVx2t5ptXFlVKFnLBKvk0u+oELgqNQpffDGatZBZOMjF1b1M8rYL9C1X6gz5SdLpWqN3uhhaip1lqwtt1K1aIMDh4W2ruWwA9P0jRwDhoATTWPDyRJdRoFcHwA1bpqXQmj0WbvqFcXm7B5Y2wC/eB7lg8Z0Fag/AyFWDoVTb4hQIqmleGu3dXUUJKsmh/EYmIL52OvENlktOKADHRzOpypG/1AMCi1S8I8yqlAqu+zr1EOvnp0wky6Zg6OiOxkjbKsl6aRl3CV5mwVfcR8TMtrMuPvcwQv8ywK+uA4Bbu31AX2y9nhOYG4xDi6DLtia8IEhYMN5zXnMalIUbVvPQWW+I4ZlQGl7XPnLlxKEkA9o6Xdh0ajCgYxhbk97t61E0rWC/Ix12+YUgloOTus99RMnrATXw/zuAk8ll2uqwFQoRfdjJUi023/krRjkwLdj1dwtVTYusIL/MsKot5LlYeM6gYe4FsrimrJdWV37QOSrs/mKwLYLSxRW0cRKUWFS1pRy+c7ldDEFpuBdBap4JhdQ2PMIsNsYB3Lrt2eYGgA+DrzEmrEFcOh/ZNOBFHqC8hWL1c5XitkXePX7jlmCsAvKv9EOnCwLfd4MwG+kS8LNvtW68ETLhWLs9x/pYOmyXgf/lwfK2qAbWn/q8xUlhni1P5CVfam4m8Gx4I6F3FY+uAg+mwLFnusQQVLCgWzzKhyPTd+dNal1nAKwE0NWMsPIwsDVjCrd+4qZCGYBcI42WjyxhVipaoKHWnOrd9RDHAqeYdllYjjZw5eavJ+phQxi+0oAuA/mLVikabDNFt9k34jZA1d5cg8RHNpK0vy3jiKi4AlmKt8puMpbC8tsBn9RYogG/Bletvpi6C3MAZwPHhpye4lrQpTi3obwyvMEgkoLMFgupU0ABXXb5Wsbg1IbkAvm23/Yqi5KAe3NUcxmGiGI5tB3zFK+GronOa1edxO0BQFtpq/wBMTewlhEUTTh1UWl+RECYoOFr1dwEgVqbsaSXhToF2eWoAqfGFXBuwgCo4wVbq3eYJxbsONZpC3/6XGiqaCl28+IGlhXqGwVjjU1eIqWkItc7gIohRy3mlD9wJvMDZWL7P8dQqRSww6bfziZyQNtlu2MgM4c+7ce4oKBwKU75fWJWHqEayyGMalHXyUFZ5QzqJpzzaSqRXmtPiYRGRRLGUGpC1Avt8RDmUTZh08u4CIvObihoD3MA7dkF5ripYncWcoEyCp//Z\" data-filename=\"633-400x400.jpg\" style=\"width: 50%;\"></p><p>Et dolore magna aliqua. Ut enim ad minim veniam, quis nostrud exercitation ullamco laboris nisi ut fugiat nulla pariatur.<span style=\"font-family: -apple-system, BlinkMacSystemFont, &quot;Segoe UI&quot;, Roboto, &quot;Helvetica Neue&quot;, Arial, &quot;Noto Sans&quot;, sans-serif, &quot;Apple Color Emoji&quot;, &quot;Segoe UI Emoji&quot;, &quot;Segoe UI Symbol&quot;, &quot;Noto Color Emoji&quot;; font-size: 1rem;\"><br></span><br></p>', '52f08384-c54a-40de-a54c-73650a40c3a3.jpg', 1, 0, 1, '2020-09-01 17:18:41', '2020-09-01 17:21:54'),
(11, 1, 4, 'Ut enim ad minima veniam, quis nostrum exercitationem ullam corporis suscipit laboriosam.', '<p>At vero eos et accusamus et iusto odio dignissimos ducimus qui blanditiis praesentium voluptatum deleniti atque corrupti quos dolores et quas molestias excepturi sint occaecati cupiditate non provident, similique sunt in culpa qui officia deserunt mollitia animi, id est laborum et dolorum fuga. Et harum quidem rerum facilis est et expedita distinctio. </p><p><br>\r\n<iframe height=\"220\" src=\"https://www.youtube.com/embed/F8_uVCU83nc\" frameborder=\"0\" allow=\"accelerometer; autoplay; encrypted-media; gyroscope; picture-in-picture\" allowfullscreen=\"\"></iframe>\r\n</p><p>Nam libero tempore, cum soluta nobis est eligendi optio cumque nihil impedit quo minus id quod maxime placeat facere possimus, omnis voluptas assumenda est, omnis dolor repellendus. Temporibus autem quibusdam et aut officiis debitis aut rerum necessitatibus saepe eveniet ut et voluptates repudiandae sint et molestiae non recusandae. Itaque earum rerum hic tenetur a sapiente delectus, ut aut reiciendis voluptatibus maiores alias consequatur aut perferendis doloribus asperiores repellat.<br></p>', '68ef2048-a9af-4ac5-80ec-af912515306f.jpg', 1, 0, 1, '2020-09-01 17:26:26', '2020-09-01 17:28:28'),
(12, 1, 6, 'Nemo enim ipsam voluptatem quia voluptas sit aspernatur aut odit aut fugit', '<p>At vero eos et accusamus et iusto odio dignissimos ducimus qui blanditiis praesentium voluptatum deleniti atque corrupti quos dolores et quas molestias excepturi sint occaecati cupiditate non provident, similique sunt in culpa qui officia deserunt mollitia animi, id est laborum et dolorum fuga. Et harum quidem rerum facilis est et expedita distinctio. </p><p><br>\r\n<iframe height=\"220\" src=\"https://www.youtube.com/embed/F8_uVCU83nc\" frameborder=\"0\" allow=\"accelerometer; autoplay; encrypted-media; gyroscope; picture-in-picture\" allowfullscreen=\"\"></iframe>\r\n</p><p>Nam libero tempore, cum soluta nobis est eligendi optio cumque nihil impedit quo minus id quod maxime placeat facere possimus, omnis voluptas assumenda est, omnis dolor repellendus. Temporibus autem quibusdam et aut officiis debitis aut rerum necessitatibus saepe eveniet ut et voluptates repudiandae sint et molestiae non recusandae. Itaque earum rerum hic tenetur a sapiente delectus, ut aut reiciendis voluptatibus maiores alias consequatur aut perferendis doloribus asperiores repellat.</p>', 'af3297ca-12a1-45ef-b53e-e04179652229.jpg', 1, 1, 1, '2020-09-02 12:18:37', '2020-09-05 18:11:07');

-- --------------------------------------------------------

--
-- Tablo için tablo yapısı `news_categories`
--

CREATE TABLE `news_categories` (
  `id` bigint(20) UNSIGNED NOT NULL,
  `name` varchar(191) COLLATE utf8mb4_unicode_ci NOT NULL,
  `image_name` varchar(191) COLLATE utf8mb4_unicode_ci NOT NULL,
  `color` varchar(191) COLLATE utf8mb4_unicode_ci NOT NULL,
  `created_at` timestamp NULL DEFAULT NULL,
  `updated_at` timestamp NULL DEFAULT NULL
) ENGINE=InnoDB DEFAULT CHARSET=utf8mb4 COLLATE=utf8mb4_unicode_ci;

--
-- Tablo döküm verisi `news_categories`
--

INSERT INTO `news_categories` (`id`, `name`, `image_name`, `color`, `created_at`, `updated_at`) VALUES
(2, 'SPORTS', 'aeae398b-a400-46d2-a298-9f3fed1664f2.jpg', '#787FFE', '2020-08-21 12:57:15', '2020-08-21 12:57:15'),
(3, 'HEALTH', '6c32c046-2c19-4eec-90d1-cd63c6723e5a.jpg', '#F96D93', '2020-08-21 12:58:09', '2020-08-21 12:58:09'),
(4, 'TECHNOLOGY', 'abc01435-895d-47d3-8102-64f7d2a2d91b.jpg', '#79B3FC', '2020-08-21 12:58:53', '2020-08-21 12:58:53'),
(5, 'SOCIETY', 'fa1a5017-6a72-47cf-9fc7-bf57d7915112.jpg', '#42BAFE', '2020-08-21 13:00:11', '2020-08-21 13:00:11'),
(6, 'LIFE', '856f78a1-6478-400b-8af1-1543ebca4d33.jpg', '#F871CF', '2020-08-21 13:01:19', '2020-08-21 13:01:19');

-- --------------------------------------------------------

--
-- Tablo için tablo yapısı `news_comments`
--

CREATE TABLE `news_comments` (
  `id` bigint(20) UNSIGNED NOT NULL,
  `news_id` bigint(20) UNSIGNED NOT NULL,
  `user_id` bigint(20) UNSIGNED NOT NULL,
  `message` varchar(191) COLLATE utf8mb4_unicode_ci NOT NULL,
  `approved` tinyint(1) NOT NULL DEFAULT 0,
  `created_at` timestamp NULL DEFAULT NULL,
  `updated_at` timestamp NULL DEFAULT NULL
) ENGINE=InnoDB DEFAULT CHARSET=utf8mb4 COLLATE=utf8mb4_unicode_ci;

--
-- Tablo döküm verisi `news_comments`
--

INSERT INTO `news_comments` (`id`, `news_id`, `user_id`, `message`, `approved`, `created_at`, `updated_at`) VALUES
(36, 12, 1, 'Good news!', 1, '2020-09-05 18:13:19', '2020-09-05 18:13:19'),
(37, 11, 1, 'Good news!', 1, '2020-09-05 18:14:05', '2020-09-05 18:14:05'),
(38, 11, 2, 'Heey good news!!', 1, '2020-09-05 18:14:54', '2020-09-05 18:14:54'),
(39, 11, 2, 'Lorem ipsum dolar sit amet!', 1, '2020-09-05 18:15:54', '2020-09-05 18:15:54'),
(40, 12, 2, 'Good news thank you!', 1, '2020-09-05 18:53:10', '2020-09-05 18:53:10');

-- --------------------------------------------------------

--
-- Tablo için tablo yapısı `news_favorites`
--

CREATE TABLE `news_favorites` (
  `id` bigint(20) UNSIGNED NOT NULL,
  `news_id` bigint(20) UNSIGNED NOT NULL,
  `user_id` bigint(20) UNSIGNED NOT NULL,
  `created_at` timestamp NULL DEFAULT NULL,
  `updated_at` timestamp NULL DEFAULT NULL
) ENGINE=InnoDB DEFAULT CHARSET=utf8mb4 COLLATE=utf8mb4_unicode_ci;

--
-- Tablo döküm verisi `news_favorites`
--

INSERT INTO `news_favorites` (`id`, `news_id`, `user_id`, `created_at`, `updated_at`) VALUES
(22, 5, 1, '2020-09-01 16:11:50', '2020-09-01 16:11:50'),
(23, 4, 1, '2020-09-01 16:11:54', '2020-09-01 16:11:54'),
(26, 8, 1, '2020-09-05 12:34:57', '2020-09-05 12:34:57'),
(27, 12, 1, '2020-09-05 18:03:21', '2020-09-05 18:03:21'),
(28, 7, 1, '2020-09-05 18:05:23', '2020-09-05 18:05:23'),
(30, 12, 2, '2020-09-06 09:21:25', '2020-09-06 09:21:25'),
(31, 9, 2, '2020-09-06 09:24:55', '2020-09-06 09:24:55'),
(32, 10, 2, '2020-09-06 09:25:02', '2020-09-06 09:25:02');

-- --------------------------------------------------------

--
-- Tablo için tablo yapısı `oauth_access_tokens`
--

CREATE TABLE `oauth_access_tokens` (
  `id` varchar(100) COLLATE utf8mb4_unicode_ci NOT NULL,
  `user_id` bigint(20) DEFAULT NULL,
  `client_id` int(10) UNSIGNED NOT NULL,
  `name` varchar(191) COLLATE utf8mb4_unicode_ci DEFAULT NULL,
  `scopes` text COLLATE utf8mb4_unicode_ci DEFAULT NULL,
  `revoked` tinyint(1) NOT NULL,
  `created_at` timestamp NULL DEFAULT NULL,
  `updated_at` timestamp NULL DEFAULT NULL,
  `expires_at` datetime DEFAULT NULL
) ENGINE=InnoDB DEFAULT CHARSET=utf8mb4 COLLATE=utf8mb4_unicode_ci;

--
-- Tablo döküm verisi `oauth_access_tokens`
--

INSERT INTO `oauth_access_tokens` (`id`, `user_id`, `client_id`, `name`, `scopes`, `revoked`, `created_at`, `updated_at`, `expires_at`) VALUES
('098be2774ab84d8db9573f1443d4e9ed60e9cc4ca2e714753a7a185e831aa30e3153feeb40c80999', 1, 1, 'PublNews', '[]', 0, '2020-08-23 11:52:02', '2020-08-23 11:52:02', '2021-08-23 14:52:02'),
('1ff620966e3c45eaa0a47e63c057c73f5baeba257b5d54ee477df6514164d4177c18e77df8bca780', 3, 1, 'PublNews', '[]', 0, '2020-09-05 12:37:41', '2020-09-05 12:37:41', '2021-09-05 15:37:41'),
('248806d6bd10dd8e2337bb01ef71468745939a02d8b2d43454a128d13888596feaa59768216edb0e', 1, 1, 'PublNews', '[]', 0, '2020-08-23 11:58:25', '2020-08-23 11:58:25', '2021-08-23 14:58:25'),
('2dc4870ec80a792d03847343ee77e13c6af487748f422a6ab382133be2b9df1df30c268abf73a8bc', 2, 1, 'PublNews', '[]', 0, '2020-08-22 14:37:53', '2020-08-22 14:37:53', '2021-08-22 17:37:53'),
('36bc2f4ffab346986f2d9b76ab50e95cfe5b0efc127cd6d08c527253c55b7d5b0ac001f4412826f3', 2, 1, 'PublNews', '[]', 0, '2020-09-05 18:14:23', '2020-09-05 18:14:23', '2021-09-05 21:14:23'),
('42565445b962e83ba252e5d77ffe6e2a8100bbbcf67bbe9a652bd89b3bea0462f1b24d57a0347698', 1, 1, 'PublNews', '[]', 0, '2020-09-05 12:32:24', '2020-09-05 12:32:24', '2021-09-05 15:32:24'),
('497e97784afc8c95f5b332008d0e98d6302cecbf614816e0b8f8735a148cac7b4d28ca418407c0f9', 1, 1, 'PublNews', '[]', 0, '2020-09-05 18:02:58', '2020-09-05 18:02:58', '2021-09-05 21:02:58'),
('5f5f38d51aa79115ff40d807114dba25ccec98e053cdea19e28df893a25d416d339b65d77af53262', 2, 1, 'PublNews', '[]', 0, '2020-09-02 12:57:23', '2020-09-02 12:57:23', '2021-09-02 15:57:23'),
('7045eb78f63a794aba8172b191e0a0db7e5642fe74765c714393869660f2974896c05302947490fb', 4, 1, 'PublNews', '[]', 0, '2020-09-05 12:54:32', '2020-09-05 12:54:32', '2021-09-05 15:54:32'),
('780fd34376f088a6cb9ea05457f9aae0589c30697604d97d18b2cef8987f2ac10a80508a925f0241', 2, 1, 'PublNews', '[]', 0, '2020-09-02 13:36:51', '2020-09-02 13:36:51', '2021-09-02 16:36:51'),
('79d4574aef2dd2d96be07c0d09208e7dc8bc428e1e9dde95e026fb2f93d848d62149407c02f0cc4b', 1, 1, 'PublNews', '[]', 0, '2020-09-05 12:28:01', '2020-09-05 12:28:01', '2021-09-05 15:28:01'),
('7fcd1e016f348db2bcba1f04e4ce7475d6d052e60b670d3a9e1baed0d0908ff082caf7f504e62896', 1, 1, 'PublNews', '[]', 0, '2020-08-22 17:10:41', '2020-08-22 17:10:41', '2021-08-22 20:10:41'),
('8939b9f302ac6f2aaa5373c0f3ac50ff2b2f2b3c8ded9ec76e67788004edf831b8a9f0a1317076ef', 2, 1, 'PublNews', '[]', 0, '2020-08-23 12:15:00', '2020-08-23 12:15:00', '2021-08-23 15:15:00'),
('8c3d388e6cf9cee9a314bffee2f71e18ae70c309a29f9dc6f1677bf10afaae9e54a5f8df9c577f05', 1, 1, 'PublNews', '[]', 0, '2020-08-22 12:11:24', '2020-08-22 12:11:24', '2021-08-22 15:11:24'),
('8d034b7456b17685fde946885b8a2ac2cf74e3ed06ba8c3c243caab86e3b52c3a6c45ab99db5afa7', 1, 1, 'PublNews', '[]', 0, '2020-08-23 05:48:29', '2020-08-23 05:48:29', '2021-08-23 08:48:29'),
('911c48c87c2ff4726556f6c3ff25e5f89dcbe77fea20f7ee18196930d4b8ab52bfa382706479fe55', 1, 1, 'PublNews', '[]', 0, '2020-09-02 13:27:34', '2020-09-02 13:27:34', '2021-09-02 16:27:34'),
('97228ba7b318d89925130aee2545c8e4e1005d19a3fda5cb676aef622ca2343e3fcd074610ff9c4e', 3, 1, 'PublNews', '[]', 0, '2020-09-05 12:37:41', '2020-09-05 12:37:41', '2021-09-05 15:37:41'),
('a1bd6c258d99bac30ece3f78a5896bf9db579c451c73353be9b880848e76740dee44a74cd002230e', 1, 1, 'PublNews', '[]', 0, '2020-09-01 15:57:58', '2020-09-01 15:57:58', '2021-09-01 18:57:58'),
('b0646f290bfd60b8ccaa1b63fa75a827aefe5ef838fdd8ef4d6ca1aa64e7165cdc99a108a9880f1d', 4, 1, 'PublNews', '[]', 0, '2020-09-05 12:54:32', '2020-09-05 12:54:32', '2021-09-05 15:54:32'),
('b2af338ee73456b08d3b28b73da2c1980c1a3d2be1026a026eaa65426f1546fb9e4d9d1518c55ed5', 1, 1, 'PublNews', '[]', 0, '2020-08-23 05:53:50', '2020-08-23 05:53:50', '2021-08-23 08:53:50'),
('c25a3c08e1bebd5eb41d25fda14e8cbdfae21d43848370d7e6a6838fef517d9c7d7a2f52a3d37bf8', 1, 1, 'PublNews', '[]', 0, '2020-09-02 12:07:01', '2020-09-02 12:07:01', '2021-09-02 15:07:01'),
('e48d70a1982e11fd70f3a7f005ca926ceb493691c331f9533ed3cf4f7262e4b8106c782813ae559d', 1, 1, 'PublNews', '[]', 0, '2020-09-02 13:37:02', '2020-09-02 13:37:02', '2021-09-02 16:37:02'),
('e89ead6b3d5b64b61539eeec87f4af13205f659b4e8e0f3e7759c4206291c990a5cd8c43d62c76b4', 1, 1, 'PublNews', '[]', 0, '2020-09-01 16:11:38', '2020-09-01 16:11:38', '2021-09-01 19:11:38'),
('fad69957a918e3a9c4938d297b7066c4e4dddf9eb56ddb8a81cb27f7d5681441c89320819e626024', 1, 1, 'PublNews', '[]', 0, '2020-09-05 12:52:16', '2020-09-05 12:52:16', '2021-09-05 15:52:16');

-- --------------------------------------------------------

--
-- Tablo için tablo yapısı `oauth_auth_codes`
--

CREATE TABLE `oauth_auth_codes` (
  `id` varchar(100) COLLATE utf8mb4_unicode_ci NOT NULL,
  `user_id` bigint(20) NOT NULL,
  `client_id` int(10) UNSIGNED NOT NULL,
  `scopes` text COLLATE utf8mb4_unicode_ci DEFAULT NULL,
  `revoked` tinyint(1) NOT NULL,
  `expires_at` datetime DEFAULT NULL
) ENGINE=InnoDB DEFAULT CHARSET=utf8mb4 COLLATE=utf8mb4_unicode_ci;

-- --------------------------------------------------------

--
-- Tablo için tablo yapısı `oauth_clients`
--

CREATE TABLE `oauth_clients` (
  `id` int(10) UNSIGNED NOT NULL,
  `user_id` bigint(20) DEFAULT NULL,
  `name` varchar(191) COLLATE utf8mb4_unicode_ci NOT NULL,
  `secret` varchar(100) COLLATE utf8mb4_unicode_ci NOT NULL,
  `redirect` text COLLATE utf8mb4_unicode_ci NOT NULL,
  `personal_access_client` tinyint(1) NOT NULL,
  `password_client` tinyint(1) NOT NULL,
  `revoked` tinyint(1) NOT NULL,
  `created_at` timestamp NULL DEFAULT NULL,
  `updated_at` timestamp NULL DEFAULT NULL
) ENGINE=InnoDB DEFAULT CHARSET=utf8mb4 COLLATE=utf8mb4_unicode_ci;

--
-- Tablo döküm verisi `oauth_clients`
--

INSERT INTO `oauth_clients` (`id`, `user_id`, `name`, `secret`, `redirect`, `personal_access_client`, `password_client`, `revoked`, `created_at`, `updated_at`) VALUES
(1, NULL, 'PublNews', 'eUmDUT6NEBYqQ6GmOnDfD8kCe8jaa1vJAC8ptle3', 'http://localhost', 1, 0, 0, '2020-08-22 12:11:20', '2020-08-22 12:11:20');

-- --------------------------------------------------------

--
-- Tablo için tablo yapısı `oauth_personal_access_clients`
--

CREATE TABLE `oauth_personal_access_clients` (
  `id` int(10) UNSIGNED NOT NULL,
  `client_id` int(10) UNSIGNED NOT NULL,
  `created_at` timestamp NULL DEFAULT NULL,
  `updated_at` timestamp NULL DEFAULT NULL
) ENGINE=InnoDB DEFAULT CHARSET=utf8mb4 COLLATE=utf8mb4_unicode_ci;

--
-- Tablo döküm verisi `oauth_personal_access_clients`
--

INSERT INTO `oauth_personal_access_clients` (`id`, `client_id`, `created_at`, `updated_at`) VALUES
(1, 1, '2020-08-22 12:11:20', '2020-08-22 12:11:20');

-- --------------------------------------------------------

--
-- Tablo için tablo yapısı `oauth_refresh_tokens`
--

CREATE TABLE `oauth_refresh_tokens` (
  `id` varchar(100) COLLATE utf8mb4_unicode_ci NOT NULL,
  `access_token_id` varchar(100) COLLATE utf8mb4_unicode_ci NOT NULL,
  `revoked` tinyint(1) NOT NULL,
  `expires_at` datetime DEFAULT NULL
) ENGINE=InnoDB DEFAULT CHARSET=utf8mb4 COLLATE=utf8mb4_unicode_ci;

-- --------------------------------------------------------

--
-- Tablo için tablo yapısı `password_resets`
--

CREATE TABLE `password_resets` (
  `email` varchar(191) COLLATE utf8mb4_unicode_ci NOT NULL,
  `token` varchar(191) COLLATE utf8mb4_unicode_ci NOT NULL,
  `created_at` timestamp NULL DEFAULT NULL
) ENGINE=InnoDB DEFAULT CHARSET=utf8mb4 COLLATE=utf8mb4_unicode_ci;

-- --------------------------------------------------------

--
-- Tablo için tablo yapısı `stories`
--

CREATE TABLE `stories` (
  `id` bigint(20) UNSIGNED NOT NULL,
  `user_id` bigint(20) UNSIGNED NOT NULL,
  `related_news_id` bigint(20) UNSIGNED NOT NULL,
  `title` varchar(191) COLLATE utf8mb4_unicode_ci NOT NULL,
  `content` longtext COLLATE utf8mb4_unicode_ci NOT NULL,
  `thumbnail_image_name` varchar(191) COLLATE utf8mb4_unicode_ci NOT NULL,
  `story_image_name` varchar(191) COLLATE utf8mb4_unicode_ci NOT NULL,
  `visible` tinyint(1) NOT NULL DEFAULT 1,
  `created_at` timestamp NULL DEFAULT NULL,
  `updated_at` timestamp NULL DEFAULT NULL
) ENGINE=InnoDB DEFAULT CHARSET=utf8mb4 COLLATE=utf8mb4_unicode_ci;

--
-- Tablo döküm verisi `stories`
--

INSERT INTO `stories` (`id`, `user_id`, `related_news_id`, `title`, `content`, `thumbnail_image_name`, `story_image_name`, `visible`, `created_at`, `updated_at`) VALUES
(5, 1, 4, 'Nemo enim ipsam voluptatem quia voluptas', '<p>Sed quia consequuntur magni dolores eos qui ratione voluptatem sequi nesciunt.&nbsp;<span style=\"font-family: -apple-system, BlinkMacSystemFont, &quot;Segoe UI&quot;, Roboto, &quot;Helvetica Neue&quot;, Arial, &quot;Noto Sans&quot;, sans-serif, &quot;Apple Color Emoji&quot;, &quot;Segoe UI Emoji&quot;, &quot;Segoe UI Symbol&quot;, &quot;Noto Color Emoji&quot;; font-size: 1rem;\">Neque porro quisquam est, qui dolorem ipsum quia dolor sit amet, consectetur, adipisci velit, sed quia non numquam.</span><br></p>', '0de5fa7c-47d4-4015-a877-1d3bc44a94fd.jpg', 'c48b861b-8288-4bbb-af7d-166ea7869a2f.jpg', 1, '2020-08-21 13:16:02', '2020-08-21 13:17:12'),
(6, 1, 9, 'Lorem ipsum dolor sit amet, consectetur adipiscing elit', '<p>Nemo enim ipsam voluptatem quia voluptas consectetur adipiscing elit Lorem ipsum dolor sit amet<br></p>', '172442aa-a106-4f62-b624-efd79ad0ac27.jpg', '72a5ff86-bf69-418f-bc93-7310f246a404.jpg', 1, '2020-08-21 13:21:46', '2020-08-21 13:21:46'),
(7, 1, 6, 'Omnis iste natus error sit voluptatem accusantium', '<p>Sed ut perspiciatis unde omnis iste natus error sit voluptatem accusantium doloremque laudantium<br></p>', '7007c9dd-569c-4ec2-9ce7-012081c72279.jpg', 'e15e8fd6-ef83-4517-b755-bbbc61010dad.jpg', 1, '2020-08-21 13:22:59', '2020-08-21 13:22:59'),
(8, 1, 8, 'Lorem ipsum dolor sit amet, consectetur adipiscing', '<p>Lorem ipsum dolor sit amet, consectetur adipiscing elit ipsum dolor sit amet, consectetur adipiscing<br></p>', 'd192c681-2e10-4eb7-af1f-055043b6f359.jpg', '3f0c74ab-531e-4a3b-922c-9aefa8be214c.jpg', 1, '2020-08-21 13:24:36', '2020-08-21 13:27:06'),
(9, 1, 11, 'Sed ut perspiciatis unde omnis iste natus error sit voluptatem accusantium doloremque laudantium', '<p>Numquam eius modi tempora incidunt ut labore et dolore magnam aliquam quaerat voluptatem. Ut enim ad minima veniam, quis nostrum exercitationem ullam corporis suscipit laboriosam.<br></p>', 'c4ba9a14-f9b9-47e2-81d4-07b490bb2350.jpg', '689b52fa-0c62-4014-9900-7a53729cd5bf.jpg', 1, '2020-09-02 12:14:03', '2020-09-02 12:14:03'),
(10, 1, 4, 'Consequuntur magni dolores eos qui ratione voluptatem sequi nesciunt', '<p>Voluptate velit esse quam nihil molestiae consequatur, vel illum qui dolorem eum fugiat quo voluptas nulla pariatur.<br></p>', '871aa40f-0d2e-44e8-9ddd-e63d7af08242.jpg', 'd2d0b7e4-27d6-4240-9f81-ed84cffe73b8.jpg', 1, '2020-09-02 12:16:03', '2020-09-02 12:16:03');

-- --------------------------------------------------------

--
-- Tablo için tablo yapısı `users`
--

CREATE TABLE `users` (
  `id` bigint(20) UNSIGNED NOT NULL,
  `first_name` varchar(191) COLLATE utf8mb4_unicode_ci NOT NULL,
  `last_name` varchar(191) COLLATE utf8mb4_unicode_ci NOT NULL,
  `image_name` varchar(191) COLLATE utf8mb4_unicode_ci DEFAULT NULL,
  `phone_number` varchar(191) COLLATE utf8mb4_unicode_ci DEFAULT NULL,
  `email` varchar(191) COLLATE utf8mb4_unicode_ci NOT NULL,
  `username` varchar(191) COLLATE utf8mb4_unicode_ci NOT NULL,
  `password` varchar(191) COLLATE utf8mb4_unicode_ci NOT NULL,
  `address` text COLLATE utf8mb4_unicode_ci DEFAULT NULL,
  `is_admin` tinyint(1) NOT NULL DEFAULT 0,
  `is_publisher` tinyint(1) NOT NULL DEFAULT 0,
  `remember_token` varchar(100) COLLATE utf8mb4_unicode_ci DEFAULT NULL,
  `created_at` timestamp NULL DEFAULT NULL,
  `updated_at` timestamp NULL DEFAULT NULL
) ENGINE=InnoDB DEFAULT CHARSET=utf8mb4 COLLATE=utf8mb4_unicode_ci;

--
-- Tablo döküm verisi `users`
--

INSERT INTO `users` (`id`, `first_name`, `last_name`, `image_name`, `phone_number`, `email`, `username`, `password`, `address`, `is_admin`, `is_publisher`, `remember_token`, `created_at`, `updated_at`) VALUES
(1, 'Alice', 'Publ', '3281b774-8fdc-4fe1-b542-57d07a4807b2.jpg', NULL, 'admin@publsoft.com', 'admin', '$2y$10$kBzU9hzw2oIn.PIi/T3d4efETgZ1nFoFIp2gX3JBV0SjGQEqn45RS', NULL, 1, 0, NULL, '2020-08-05 16:25:30', '2020-09-02 12:55:40'),
(2, 'John', 'Publ', '4e386cf7-b1ad-40ca-835b-bf0e6a4903c8.jpg', NULL, 'john@publsoft.com', 'publisher', '$2y$10$otX4w25f9N05WNqZqZpPLezaEV/GFib.Q3UtRZpUJDMxcHknr1vre', NULL, 0, 1, NULL, '2020-08-05 16:25:30', '2020-09-02 13:01:46'),
(4, 'Agah', 'Sbsh', 'default_profile_picture.png', NULL, 'Abbs@ahjs.sj', 'Aaa', '$2y$10$riGMjUG75pwSjzfHIOQIxuDGIwnqGCiSklW7JD/dlnyp9wjU38B7C', NULL, 0, 0, NULL, '2020-09-05 12:54:32', '2020-09-05 12:54:32');

--
-- Dökümü yapılmış tablolar için indeksler
--

--
-- Tablo için indeksler `migrations`
--
ALTER TABLE `migrations`
  ADD PRIMARY KEY (`id`);

--
-- Tablo için indeksler `news`
--
ALTER TABLE `news`
  ADD PRIMARY KEY (`id`),
  ADD KEY `news_user_id_foreign` (`user_id`),
  ADD KEY `news_category_id_foreign` (`category_id`);

--
-- Tablo için indeksler `news_categories`
--
ALTER TABLE `news_categories`
  ADD PRIMARY KEY (`id`);

--
-- Tablo için indeksler `news_comments`
--
ALTER TABLE `news_comments`
  ADD PRIMARY KEY (`id`),
  ADD KEY `news_comments_news_id_foreign` (`news_id`),
  ADD KEY `news_comments_user_id_foreign` (`user_id`);

--
-- Tablo için indeksler `news_favorites`
--
ALTER TABLE `news_favorites`
  ADD PRIMARY KEY (`id`),
  ADD KEY `news_favorites_news_id_foreign` (`news_id`),
  ADD KEY `news_favorites_user_id_foreign` (`user_id`);

--
-- Tablo için indeksler `oauth_access_tokens`
--
ALTER TABLE `oauth_access_tokens`
  ADD PRIMARY KEY (`id`),
  ADD KEY `oauth_access_tokens_user_id_index` (`user_id`);

--
-- Tablo için indeksler `oauth_auth_codes`
--
ALTER TABLE `oauth_auth_codes`
  ADD PRIMARY KEY (`id`);

--
-- Tablo için indeksler `oauth_clients`
--
ALTER TABLE `oauth_clients`
  ADD PRIMARY KEY (`id`),
  ADD KEY `oauth_clients_user_id_index` (`user_id`);

--
-- Tablo için indeksler `oauth_personal_access_clients`
--
ALTER TABLE `oauth_personal_access_clients`
  ADD PRIMARY KEY (`id`),
  ADD KEY `oauth_personal_access_clients_client_id_index` (`client_id`);

--
-- Tablo için indeksler `oauth_refresh_tokens`
--
ALTER TABLE `oauth_refresh_tokens`
  ADD PRIMARY KEY (`id`),
  ADD KEY `oauth_refresh_tokens_access_token_id_index` (`access_token_id`);

--
-- Tablo için indeksler `password_resets`
--
ALTER TABLE `password_resets`
  ADD KEY `password_resets_email_index` (`email`);

--
-- Tablo için indeksler `stories`
--
ALTER TABLE `stories`
  ADD PRIMARY KEY (`id`),
  ADD KEY `stories_user_id_foreign` (`user_id`),
  ADD KEY `stories_related_news_id_foreign` (`related_news_id`);

--
-- Tablo için indeksler `users`
--
ALTER TABLE `users`
  ADD PRIMARY KEY (`id`),
  ADD UNIQUE KEY `users_email_unique` (`email`),
  ADD UNIQUE KEY `users_username_unique` (`username`);

--
-- Dökümü yapılmış tablolar için AUTO_INCREMENT değeri
--

--
-- Tablo için AUTO_INCREMENT değeri `migrations`
--
ALTER TABLE `migrations`
  MODIFY `id` int(10) UNSIGNED NOT NULL AUTO_INCREMENT, AUTO_INCREMENT=15;

--
-- Tablo için AUTO_INCREMENT değeri `news`
--
ALTER TABLE `news`
  MODIFY `id` bigint(20) UNSIGNED NOT NULL AUTO_INCREMENT, AUTO_INCREMENT=13;

--
-- Tablo için AUTO_INCREMENT değeri `news_categories`
--
ALTER TABLE `news_categories`
  MODIFY `id` bigint(20) UNSIGNED NOT NULL AUTO_INCREMENT, AUTO_INCREMENT=7;

--
-- Tablo için AUTO_INCREMENT değeri `news_comments`
--
ALTER TABLE `news_comments`
  MODIFY `id` bigint(20) UNSIGNED NOT NULL AUTO_INCREMENT, AUTO_INCREMENT=41;

--
-- Tablo için AUTO_INCREMENT değeri `news_favorites`
--
ALTER TABLE `news_favorites`
  MODIFY `id` bigint(20) UNSIGNED NOT NULL AUTO_INCREMENT, AUTO_INCREMENT=33;

--
-- Tablo için AUTO_INCREMENT değeri `oauth_clients`
--
ALTER TABLE `oauth_clients`
  MODIFY `id` int(10) UNSIGNED NOT NULL AUTO_INCREMENT, AUTO_INCREMENT=2;

--
-- Tablo için AUTO_INCREMENT değeri `oauth_personal_access_clients`
--
ALTER TABLE `oauth_personal_access_clients`
  MODIFY `id` int(10) UNSIGNED NOT NULL AUTO_INCREMENT, AUTO_INCREMENT=2;

--
-- Tablo için AUTO_INCREMENT değeri `stories`
--
ALTER TABLE `stories`
  MODIFY `id` bigint(20) UNSIGNED NOT NULL AUTO_INCREMENT, AUTO_INCREMENT=11;

--
-- Tablo için AUTO_INCREMENT değeri `users`
--
ALTER TABLE `users`
  MODIFY `id` bigint(20) UNSIGNED NOT NULL AUTO_INCREMENT, AUTO_INCREMENT=5;

--
-- Dökümü yapılmış tablolar için kısıtlamalar
--

--
-- Tablo kısıtlamaları `news`
--
ALTER TABLE `news`
  ADD CONSTRAINT `news_category_id_foreign` FOREIGN KEY (`category_id`) REFERENCES `news_categories` (`id`),
  ADD CONSTRAINT `news_user_id_foreign` FOREIGN KEY (`user_id`) REFERENCES `users` (`id`);

--
-- Tablo kısıtlamaları `news_comments`
--
ALTER TABLE `news_comments`
  ADD CONSTRAINT `news_comments_news_id_foreign` FOREIGN KEY (`news_id`) REFERENCES `news` (`id`),
  ADD CONSTRAINT `news_comments_user_id_foreign` FOREIGN KEY (`user_id`) REFERENCES `users` (`id`);

--
-- Tablo kısıtlamaları `news_favorites`
--
ALTER TABLE `news_favorites`
  ADD CONSTRAINT `news_favorites_news_id_foreign` FOREIGN KEY (`news_id`) REFERENCES `news` (`id`),
  ADD CONSTRAINT `news_favorites_user_id_foreign` FOREIGN KEY (`user_id`) REFERENCES `users` (`id`);

--
-- Tablo kısıtlamaları `stories`
--
ALTER TABLE `stories`
  ADD CONSTRAINT `stories_related_news_id_foreign` FOREIGN KEY (`related_news_id`) REFERENCES `news` (`id`),
  ADD CONSTRAINT `stories_user_id_foreign` FOREIGN KEY (`user_id`) REFERENCES `users` (`id`);
COMMIT;

/*!40101 SET CHARACTER_SET_CLIENT=@OLD_CHARACTER_SET_CLIENT */;
/*!40101 SET CHARACTER_SET_RESULTS=@OLD_CHARACTER_SET_RESULTS */;
/*!40101 SET COLLATION_CONNECTION=@OLD_COLLATION_CONNECTION */;
